target_name,Uniprot_id,FASTA,smiles,pkoff,source,Category
NK1R,P25103,MDNVLPVDSDLSPNISTNTSEPNQFVQPAWQIVLWAAAYTVIVVTSVVGNVVVMWIILAHKRMRTVTNYFLVNLAFAEASMAAFNTVVNFTYAVHNEWYYGLFYCKFHNFFPIAAVFASIYSMTAVAFDRYMAIIHPLQPRLSATATKVVICVIWVLALLLAFPQGYYSTTETMPSRVVCMIEWPEHPNKIYEKVYHICVTVLIYFLPLLVIGYAYTVVGITLWASEIPGDSSDRYHEQVSAKRKVVKMMIVVVCTFAICWLPFHIFFLLPYINPDLYLKKFIQQVYLAIMWLAMSSTMYNPIIYCCLNDRFRLGFKHAFRCCPFISAGDYEGLEMKSTRYLQTQGSVYKVSRLETTIST,CC(C)CC(NC(=O)CNC(=O)C(NC(=O)C(Cc1ccccc1)NC(=O)C(CCC(N)=O)NC(=O)C(CCCNC(=N)N)NC(=O)C(NC(=O)C(CCCNC(=N)N)NC(=O)C(CO)NC(=O)C(N)CCCNC(=N)N)C(C)O)C(C)C)C(N)=O,0.721246399,10.1093/nar/gkw1074,GPCRs
NK1R,P25103,MDNVLPVDSDLSPNISTNTSEPNQFVQPAWQIVLWAAAYTVIVVTSVVGNVVVMWIILAHKRMRTVTNYFLVNLAFAEASMAAFNTVVNFTYAVHNEWYYGLFYCKFHNFFPIAAVFASIYSMTAVAFDRYMAIIHPLQPRLSATATKVVICVIWVLALLLAFPQGYYSTTETMPSRVVCMIEWPEHPNKIYEKVYHICVTVLIYFLPLLVIGYAYTVVGITLWASEIPGDSSDRYHEQVSAKRKVVKMMIVVVCTFAICWLPFHIFFLLPYINPDLYLKKFIQQVYLAIMWLAMSSTMYNPIIYCCLNDRFRLGFKHAFRCCPFISAGDYEGLEMKSTRYLQTQGSVYKVSRLETTIST,CSCCC(NC(=O)C(CC(C)C)NC(=O)C1CCCN1C(=O)C(Cc1ccccc1)NC(=O)C(Cc1ccccc1)NC(=O)C1CCC(=O)N1)C(N)=O,1.318758763,10.1093/nar/gkw1074,GPCRs
NK1R,P25103,MDNVLPVDSDLSPNISTNTSEPNQFVQPAWQIVLWAAAYTVIVVTSVVGNVVVMWIILAHKRMRTVTNYFLVNLAFAEASMAAFNTVVNFTYAVHNEWYYGLFYCKFHNFFPIAAVFASIYSMTAVAFDRYMAIIHPLQPRLSATATKVVICVIWVLALLLAFPQGYYSTTETMPSRVVCMIEWPEHPNKIYEKVYHICVTVLIYFLPLLVIGYAYTVVGITLWASEIPGDSSDRYHEQVSAKRKVVKMMIVVVCTFAICWLPFHIFFLLPYINPDLYLKKFIQQVYLAIMWLAMSSTMYNPIIYCCLNDRFRLGFKHAFRCCPFISAGDYEGLEMKSTRYLQTQGSVYKVSRLETTIST,CSCCC(NC(=O)C(CC(C)C)NC(=O)CNC(=O)C(Cc1ccccc1)NC(=O)C(Cc1ccccc1)NC(=O)C(CCC(N)=O)NC(=O)C(CCC(N)=O)NC(=O)C1CCCN1)C(N)=O,0.677780705,10.1093/nar/gkw1074,GPCRs
NK1R,P25103,MDNVLPVDSDLSPNISTNTSEPNQFVQPAWQIVLWAAAYTVIVVTSVVGNVVVMWIILAHKRMRTVTNYFLVNLAFAEASMAAFNTVVNFTYAVHNEWYYGLFYCKFHNFFPIAAVFASIYSMTAVAFDRYMAIIHPLQPRLSATATKVVICVIWVLALLLAFPQGYYSTTETMPSRVVCMIEWPEHPNKIYEKVYHICVTVLIYFLPLLVIGYAYTVVGITLWASEIPGDSSDRYHEQVSAKRKVVKMMIVVVCTFAICWLPFHIFFLLPYINPDLYLKKFIQQVYLAIMWLAMSSTMYNPIIYCCLNDRFRLGFKHAFRCCPFISAGDYEGLEMKSTRYLQTQGSVYKVSRLETTIST,CSCCC(NC(=O)C(CC(C)C)NC(=O)C1CCCN1C(=O)C(Cc1ccccc1)NC(=O)C(Cc1ccccc1)NC(=O)C(CCC(N)=O)NC(=O)C(CCC(N)=O)NC(=O)C1CCCN1C(=O)C(CCCCN)NC(=O)C1CCCN1C(=O)C(N)CCCNC(=N)N)C(N)=O,0.853871964,10.1093/nar/gkw1074,GPCRs
NK1R,P25103,MDNVLPVDSDLSPNISTNTSEPNQFVQPAWQIVLWAAAYTVIVVTSVVGNVVVMWIILAHKRMRTVTNYFLVNLAFAEASMAAFNTVVNFTYAVHNEWYYGLFYCKFHNFFPIAAVFASIYSMTAVAFDRYMAIIHPLQPRLSATATKVVICVIWVLALLLAFPQGYYSTTETMPSRVVCMIEWPEHPNKIYEKVYHICVTVLIYFLPLLVIGYAYTVVGITLWASEIPGDSSDRYHEQVSAKRKVVKMMIVVVCTFAICWLPFHIFFLLPYINPDLYLKKFIQQVYLAIMWLAMSSTMYNPIIYCCLNDRFRLGFKHAFRCCPFISAGDYEGLEMKSTRYLQTQGSVYKVSRLETTIST,CC(C)CC(NC(=O)CN(C)C(=O)C(Cc1ccccc1)NC(=O)C(Cc1ccccc1)NC(=O)C(CCC(N)=O)NC(=O)C(CCC(N)=O)NC(=O)C1CCCN1C(=O)C(CCCCN)NC(=O)C1CCCN1C(=O)C(N)CCCNC(=N)N)C(=O)NC(CCS(C)(=O)=O)C(N)=O,1.229147988,10.1093/nar/gkw1074,GPCRs
NK1R,P25103,MDNVLPVDSDLSPNISTNTSEPNQFVQPAWQIVLWAAAYTVIVVTSVVGNVVVMWIILAHKRMRTVTNYFLVNLAFAEASMAAFNTVVNFTYAVHNEWYYGLFYCKFHNFFPIAAVFASIYSMTAVAFDRYMAIIHPLQPRLSATATKVVICVIWVLALLLAFPQGYYSTTETMPSRVVCMIEWPEHPNKIYEKVYHICVTVLIYFLPLLVIGYAYTVVGITLWASEIPGDSSDRYHEQVSAKRKVVKMMIVVVCTFAICWLPFHIFFLLPYINPDLYLKKFIQQVYLAIMWLAMSSTMYNPIIYCCLNDRFRLGFKHAFRCCPFISAGDYEGLEMKSTRYLQTQGSVYKVSRLETTIST,CSCCC(NC(=O)C(CC(C)C)NC(=O)CNC(=O)C(Cc1ccccc1)NC(=O)C(Cc1ccccc1)NC(=O)C(CCC(N)=O)NC(=O)C(CCC(N)=O)NC(=O)C1CCCN1C(=O)C(CCCCN)NC(=O)C1CCCN1C(=O)C(N)CCCNC(=N)N)C(N)=O,1.585026652,10.1093/nar/gkw1074,GPCRs
NK1R,P25103,MDNVLPVDSDLSPNISTNTSEPNQFVQPAWQIVLWAAAYTVIVVTSVVGNVVVMWIILAHKRMRTVTNYFLVNLAFAEASMAAFNTVVNFTYAVHNEWYYGLFYCKFHNFFPIAAVFASIYSMTAVAFDRYMAIIHPLQPRLSATATKVVICVIWVLALLLAFPQGYYSTTETMPSRVVCMIEWPEHPNKIYEKVYHICVTVLIYFLPLLVIGYAYTVVGITLWASEIPGDSSDRYHEQVSAKRKVVKMMIVVVCTFAICWLPFHIFFLLPYINPDLYLKKFIQQVYLAIMWLAMSSTMYNPIIYCCLNDRFRLGFKHAFRCCPFISAGDYEGLEMKSTRYLQTQGSVYKVSRLETTIST,C[C@@H](O[C@H]1OCCN(CC2=NNC(=O)N2)[C@H]1c3ccc(F)cc3)c4cc(cc(c4)C(F)(F)F)C(F)(F)F,1.568636236,10.1093/nar/gkw1074,GPCRs
NK1R,P25103,MDNVLPVDSDLSPNISTNTSEPNQFVQPAWQIVLWAAAYTVIVVTSVVGNVVVMWIILAHKRMRTVTNYFLVNLAFAEASMAAFNTVVNFTYAVHNEWYYGLFYCKFHNFFPIAAVFASIYSMTAVAFDRYMAIIHPLQPRLSATATKVVICVIWVLALLLAFPQGYYSTTETMPSRVVCMIEWPEHPNKIYEKVYHICVTVLIYFLPLLVIGYAYTVVGITLWASEIPGDSSDRYHEQVSAKRKVVKMMIVVVCTFAICWLPFHIFFLLPYINPDLYLKKFIQQVYLAIMWLAMSSTMYNPIIYCCLNDRFRLGFKHAFRCCPFISAGDYEGLEMKSTRYLQTQGSVYKVSRLETTIST,C[C@@H](O[C@H]1OCCN(CC2=NNC(=O)N2)[C@H]1c3ccc(F)cc3)c4cc(cc(c4)C(F)(F)F)C(F)(F)F,3.552841969,10.1093/nar/gkw1074,GPCRs
sAC,Q96PN6,MNTPKEEFQDWPIVRIAAHLPDLIVYGHFSPERPFMDYFDGVLMFVDISGFTAMTEKFSSAMYMDRGAEQLVEILNYHISAIVEKVLIFGGDILKFAGDALLALWRVERKQLKNIITVVIKCSLEIHGLFETQEWEEGLDIRVKIGLAAGHISMLVFGDETHSHFLVIGQAVDDVRLAQNMAQMNDVILSPNCWQLCDRSMIEIESVPDQRAVKVNFLKPPPNFNFDEFFTKCTTFMHYYPSGEHKNLLRLACTLKPDPELEMSLQKYVMESILKQIDNKQLQGYLSELRPVTIVFVNLMFEDQDKAEEIGPAIQDAYMHITSVLKIFQGQINKVFMFDKGCSFLCVFGFPGEKVPDELTHALECAMDIFDFCSQVHKIQTVSIGVASGIVFCGIVGHTVRHEYTVIGQKVNLAARMMMYYPGIVTCDSVTYNGSNLPAYFFKELPKKVMKGVADSGPLYQYWGRTEKVMFGMACLICNRKEDYPLLGRNKEINYFMYTMKKFLISNSSQVLMYEGLPGYGKSQILMKIEYLAQGKNHRIIAISLNKISFHQTFYTIQMFMANVLGLDTCKHYKERQTNLRNKVMTLLDEKFYCLLNDIFHVQFPISREISRMSTLKKQKQLEILFMKILKLIVKEERIIFIIDEAQFVDSTSWRFMEKLIRTLPIFIIMSLCPFVNIPCAAARAVIKNRNTTYIVIGAVQPNDISNKICLDLNVSCISKELDSYLGEGSCGIPFYCEELLKNLEHHEVLVFQQTESEEKTNRTWNNLFKYSIKLTEKLNMVTLHSDKESEEVCHLTSGVRLKNLSPPTSLKEISLIQLDSMRLSHQMLVRCAAIIGLTFTTELLFEILPCWNMKMMIKTLATLVESNIFYCFRNGKELQKALKQNDPSFEVHYRSLSLKPSEGMDHGEEEQLRELENEVIECHRIRFCNPMMQKTAYELWLKDQRKAMHLKCARFLEEDAHRCDHCRGRDFIPYHHFTVNIRLNALDMDAIKKMAMSHGFKTEEKLILSNSEIPETSAFFPENRSPEEIREKILNFFDHVLTKMKTSDEDIIPLESCQCEEILEIVILPLAHHFLALGENDKALYYFLEIASAYLIFCDNYMAYMYLNEGQKLLKTLKKDKSWSQTFESATFYSLKGEVCFNMGQIVLAKKMLRKALKLLNRIFPYNLISLFLHIHVEKNRHFHYVNRQAQESPPPGKKRLAQLYRQTVCLSLLWRIYSYSYLFHCKYYAHLAVMMQMNTALETQNCFQIIKAYLDYSLYHHLAGYKGVWFKYEVMAMEHIFNLPLKGEGIEIVAYVAETLVFNKLIMGHLDLAIELGSRALQMWALLQNPNRHYQSLCRLSRCLLLNSRYPQLIQVLGRLWELSVTQEHIFSKAFFYVCLDILLYSGFVYRTFEECLEFIHQYENNRILKFHSGLLLGLYSSVAIWYARLQEWDNFYKFSNRAKNLLPRRTMTLTYYDGISRYMEGQVLHLQKQIKEQSENAQASGEELLKNLENLVAQNTTGPVFCPRLYHLMAYVCILMGDGQKCGLFLNTALRLSETQGNILEKCWLNMNKESWYSTSELKEDQWLQTILSLPSWEKIVAGRVNIQDLQKNKFLMRANTVDNHF,Cc1c(Cc2ccccc2)c(-c2cc(Cl)nc(N)n2)nn1C,1.400116928,10.1021/acs.jmedchem.2c01133,Enzymes
sAC,Q96PN6,MNTPKEEFQDWPIVRIAAHLPDLIVYGHFSPERPFMDYFDGVLMFVDISGFTAMTEKFSSAMYMDRGAEQLVEILNYHISAIVEKVLIFGGDILKFAGDALLALWRVERKQLKNIITVVIKCSLEIHGLFETQEWEEGLDIRVKIGLAAGHISMLVFGDETHSHFLVIGQAVDDVRLAQNMAQMNDVILSPNCWQLCDRSMIEIESVPDQRAVKVNFLKPPPNFNFDEFFTKCTTFMHYYPSGEHKNLLRLACTLKPDPELEMSLQKYVMESILKQIDNKQLQGYLSELRPVTIVFVNLMFEDQDKAEEIGPAIQDAYMHITSVLKIFQGQINKVFMFDKGCSFLCVFGFPGEKVPDELTHALECAMDIFDFCSQVHKIQTVSIGVASGIVFCGIVGHTVRHEYTVIGQKVNLAARMMMYYPGIVTCDSVTYNGSNLPAYFFKELPKKVMKGVADSGPLYQYWGRTEKVMFGMACLICNRKEDYPLLGRNKEINYFMYTMKKFLISNSSQVLMYEGLPGYGKSQILMKIEYLAQGKNHRIIAISLNKISFHQTFYTIQMFMANVLGLDTCKHYKERQTNLRNKVMTLLDEKFYCLLNDIFHVQFPISREISRMSTLKKQKQLEILFMKILKLIVKEERIIFIIDEAQFVDSTSWRFMEKLIRTLPIFIIMSLCPFVNIPCAAARAVIKNRNTTYIVIGAVQPNDISNKICLDLNVSCISKELDSYLGEGSCGIPFYCEELLKNLEHHEVLVFQQTESEEKTNRTWNNLFKYSIKLTEKLNMVTLHSDKESEEVCHLTSGVRLKNLSPPTSLKEISLIQLDSMRLSHQMLVRCAAIIGLTFTTELLFEILPCWNMKMMIKTLATLVESNIFYCFRNGKELQKALKQNDPSFEVHYRSLSLKPSEGMDHGEEEQLRELENEVIECHRIRFCNPMMQKTAYELWLKDQRKAMHLKCARFLEEDAHRCDHCRGRDFIPYHHFTVNIRLNALDMDAIKKMAMSHGFKTEEKLILSNSEIPETSAFFPENRSPEEIREKILNFFDHVLTKMKTSDEDIIPLESCQCEEILEIVILPLAHHFLALGENDKALYYFLEIASAYLIFCDNYMAYMYLNEGQKLLKTLKKDKSWSQTFESATFYSLKGEVCFNMGQIVLAKKMLRKALKLLNRIFPYNLISLFLHIHVEKNRHFHYVNRQAQESPPPGKKRLAQLYRQTVCLSLLWRIYSYSYLFHCKYYAHLAVMMQMNTALETQNCFQIIKAYLDYSLYHHLAGYKGVWFKYEVMAMEHIFNLPLKGEGIEIVAYVAETLVFNKLIMGHLDLAIELGSRALQMWALLQNPNRHYQSLCRLSRCLLLNSRYPQLIQVLGRLWELSVTQEHIFSKAFFYVCLDILLYSGFVYRTFEECLEFIHQYENNRILKFHSGLLLGLYSSVAIWYARLQEWDNFYKFSNRAKNLLPRRTMTLTYYDGISRYMEGQVLHLQKQIKEQSENAQASGEELLKNLENLVAQNTTGPVFCPRLYHLMAYVCILMGDGQKCGLFLNTALRLSETQGNILEKCWLNMNKESWYSTSELKEDQWLQTILSLPSWEKIVAGRVNIQDLQKNKFLMRANTVDNHF,Nc1nc(Cl)cc(-c2nn(C(F)F)cc2Cc2ccccc2OCCN2CCOCC2)n1,3.22184875,10.1021/acs.jmedchem.2c01133,Enzymes
sAC,Q96PN6,MNTPKEEFQDWPIVRIAAHLPDLIVYGHFSPERPFMDYFDGVLMFVDISGFTAMTEKFSSAMYMDRGAEQLVEILNYHISAIVEKVLIFGGDILKFAGDALLALWRVERKQLKNIITVVIKCSLEIHGLFETQEWEEGLDIRVKIGLAAGHISMLVFGDETHSHFLVIGQAVDDVRLAQNMAQMNDVILSPNCWQLCDRSMIEIESVPDQRAVKVNFLKPPPNFNFDEFFTKCTTFMHYYPSGEHKNLLRLACTLKPDPELEMSLQKYVMESILKQIDNKQLQGYLSELRPVTIVFVNLMFEDQDKAEEIGPAIQDAYMHITSVLKIFQGQINKVFMFDKGCSFLCVFGFPGEKVPDELTHALECAMDIFDFCSQVHKIQTVSIGVASGIVFCGIVGHTVRHEYTVIGQKVNLAARMMMYYPGIVTCDSVTYNGSNLPAYFFKELPKKVMKGVADSGPLYQYWGRTEKVMFGMACLICNRKEDYPLLGRNKEINYFMYTMKKFLISNSSQVLMYEGLPGYGKSQILMKIEYLAQGKNHRIIAISLNKISFHQTFYTIQMFMANVLGLDTCKHYKERQTNLRNKVMTLLDEKFYCLLNDIFHVQFPISREISRMSTLKKQKQLEILFMKILKLIVKEERIIFIIDEAQFVDSTSWRFMEKLIRTLPIFIIMSLCPFVNIPCAAARAVIKNRNTTYIVIGAVQPNDISNKICLDLNVSCISKELDSYLGEGSCGIPFYCEELLKNLEHHEVLVFQQTESEEKTNRTWNNLFKYSIKLTEKLNMVTLHSDKESEEVCHLTSGVRLKNLSPPTSLKEISLIQLDSMRLSHQMLVRCAAIIGLTFTTELLFEILPCWNMKMMIKTLATLVESNIFYCFRNGKELQKALKQNDPSFEVHYRSLSLKPSEGMDHGEEEQLRELENEVIECHRIRFCNPMMQKTAYELWLKDQRKAMHLKCARFLEEDAHRCDHCRGRDFIPYHHFTVNIRLNALDMDAIKKMAMSHGFKTEEKLILSNSEIPETSAFFPENRSPEEIREKILNFFDHVLTKMKTSDEDIIPLESCQCEEILEIVILPLAHHFLALGENDKALYYFLEIASAYLIFCDNYMAYMYLNEGQKLLKTLKKDKSWSQTFESATFYSLKGEVCFNMGQIVLAKKMLRKALKLLNRIFPYNLISLFLHIHVEKNRHFHYVNRQAQESPPPGKKRLAQLYRQTVCLSLLWRIYSYSYLFHCKYYAHLAVMMQMNTALETQNCFQIIKAYLDYSLYHHLAGYKGVWFKYEVMAMEHIFNLPLKGEGIEIVAYVAETLVFNKLIMGHLDLAIELGSRALQMWALLQNPNRHYQSLCRLSRCLLLNSRYPQLIQVLGRLWELSVTQEHIFSKAFFYVCLDILLYSGFVYRTFEECLEFIHQYENNRILKFHSGLLLGLYSSVAIWYARLQEWDNFYKFSNRAKNLLPRRTMTLTYYDGISRYMEGQVLHLQKQIKEQSENAQASGEELLKNLENLVAQNTTGPVFCPRLYHLMAYVCILMGDGQKCGLFLNTALRLSETQGNILEKCWLNMNKESWYSTSELKEDQWLQTILSLPSWEKIVAGRVNIQDLQKNKFLMRANTVDNHF,Nc1nc(Cl)cc(-c2nn(C(F)F)cc2Cc2ccccc2OCC(=O)N2CCOCC2)n1,2.677780705,10.1021/acs.jmedchem.2c01133,Enzymes
sAC,Q96PN6,MNTPKEEFQDWPIVRIAAHLPDLIVYGHFSPERPFMDYFDGVLMFVDISGFTAMTEKFSSAMYMDRGAEQLVEILNYHISAIVEKVLIFGGDILKFAGDALLALWRVERKQLKNIITVVIKCSLEIHGLFETQEWEEGLDIRVKIGLAAGHISMLVFGDETHSHFLVIGQAVDDVRLAQNMAQMNDVILSPNCWQLCDRSMIEIESVPDQRAVKVNFLKPPPNFNFDEFFTKCTTFMHYYPSGEHKNLLRLACTLKPDPELEMSLQKYVMESILKQIDNKQLQGYLSELRPVTIVFVNLMFEDQDKAEEIGPAIQDAYMHITSVLKIFQGQINKVFMFDKGCSFLCVFGFPGEKVPDELTHALECAMDIFDFCSQVHKIQTVSIGVASGIVFCGIVGHTVRHEYTVIGQKVNLAARMMMYYPGIVTCDSVTYNGSNLPAYFFKELPKKVMKGVADSGPLYQYWGRTEKVMFGMACLICNRKEDYPLLGRNKEINYFMYTMKKFLISNSSQVLMYEGLPGYGKSQILMKIEYLAQGKNHRIIAISLNKISFHQTFYTIQMFMANVLGLDTCKHYKERQTNLRNKVMTLLDEKFYCLLNDIFHVQFPISREISRMSTLKKQKQLEILFMKILKLIVKEERIIFIIDEAQFVDSTSWRFMEKLIRTLPIFIIMSLCPFVNIPCAAARAVIKNRNTTYIVIGAVQPNDISNKICLDLNVSCISKELDSYLGEGSCGIPFYCEELLKNLEHHEVLVFQQTESEEKTNRTWNNLFKYSIKLTEKLNMVTLHSDKESEEVCHLTSGVRLKNLSPPTSLKEISLIQLDSMRLSHQMLVRCAAIIGLTFTTELLFEILPCWNMKMMIKTLATLVESNIFYCFRNGKELQKALKQNDPSFEVHYRSLSLKPSEGMDHGEEEQLRELENEVIECHRIRFCNPMMQKTAYELWLKDQRKAMHLKCARFLEEDAHRCDHCRGRDFIPYHHFTVNIRLNALDMDAIKKMAMSHGFKTEEKLILSNSEIPETSAFFPENRSPEEIREKILNFFDHVLTKMKTSDEDIIPLESCQCEEILEIVILPLAHHFLALGENDKALYYFLEIASAYLIFCDNYMAYMYLNEGQKLLKTLKKDKSWSQTFESATFYSLKGEVCFNMGQIVLAKKMLRKALKLLNRIFPYNLISLFLHIHVEKNRHFHYVNRQAQESPPPGKKRLAQLYRQTVCLSLLWRIYSYSYLFHCKYYAHLAVMMQMNTALETQNCFQIIKAYLDYSLYHHLAGYKGVWFKYEVMAMEHIFNLPLKGEGIEIVAYVAETLVFNKLIMGHLDLAIELGSRALQMWALLQNPNRHYQSLCRLSRCLLLNSRYPQLIQVLGRLWELSVTQEHIFSKAFFYVCLDILLYSGFVYRTFEECLEFIHQYENNRILKFHSGLLLGLYSSVAIWYARLQEWDNFYKFSNRAKNLLPRRTMTLTYYDGISRYMEGQVLHLQKQIKEQSENAQASGEELLKNLENLVAQNTTGPVFCPRLYHLMAYVCILMGDGQKCGLFLNTALRLSETQGNILEKCWLNMNKESWYSTSELKEDQWLQTILSLPSWEKIVAGRVNIQDLQKNKFLMRANTVDNHF,Nc1nc(Cl)cc(-c2nn(C(F)F)cc2Cc2ccccc2OCCN2CCNC(=O)C2)n1,2.677780705,10.1021/acs.jmedchem.2c01133,Enzymes
sAC,Q96PN6,MNTPKEEFQDWPIVRIAAHLPDLIVYGHFSPERPFMDYFDGVLMFVDISGFTAMTEKFSSAMYMDRGAEQLVEILNYHISAIVEKVLIFGGDILKFAGDALLALWRVERKQLKNIITVVIKCSLEIHGLFETQEWEEGLDIRVKIGLAAGHISMLVFGDETHSHFLVIGQAVDDVRLAQNMAQMNDVILSPNCWQLCDRSMIEIESVPDQRAVKVNFLKPPPNFNFDEFFTKCTTFMHYYPSGEHKNLLRLACTLKPDPELEMSLQKYVMESILKQIDNKQLQGYLSELRPVTIVFVNLMFEDQDKAEEIGPAIQDAYMHITSVLKIFQGQINKVFMFDKGCSFLCVFGFPGEKVPDELTHALECAMDIFDFCSQVHKIQTVSIGVASGIVFCGIVGHTVRHEYTVIGQKVNLAARMMMYYPGIVTCDSVTYNGSNLPAYFFKELPKKVMKGVADSGPLYQYWGRTEKVMFGMACLICNRKEDYPLLGRNKEINYFMYTMKKFLISNSSQVLMYEGLPGYGKSQILMKIEYLAQGKNHRIIAISLNKISFHQTFYTIQMFMANVLGLDTCKHYKERQTNLRNKVMTLLDEKFYCLLNDIFHVQFPISREISRMSTLKKQKQLEILFMKILKLIVKEERIIFIIDEAQFVDSTSWRFMEKLIRTLPIFIIMSLCPFVNIPCAAARAVIKNRNTTYIVIGAVQPNDISNKICLDLNVSCISKELDSYLGEGSCGIPFYCEELLKNLEHHEVLVFQQTESEEKTNRTWNNLFKYSIKLTEKLNMVTLHSDKESEEVCHLTSGVRLKNLSPPTSLKEISLIQLDSMRLSHQMLVRCAAIIGLTFTTELLFEILPCWNMKMMIKTLATLVESNIFYCFRNGKELQKALKQNDPSFEVHYRSLSLKPSEGMDHGEEEQLRELENEVIECHRIRFCNPMMQKTAYELWLKDQRKAMHLKCARFLEEDAHRCDHCRGRDFIPYHHFTVNIRLNALDMDAIKKMAMSHGFKTEEKLILSNSEIPETSAFFPENRSPEEIREKILNFFDHVLTKMKTSDEDIIPLESCQCEEILEIVILPLAHHFLALGENDKALYYFLEIASAYLIFCDNYMAYMYLNEGQKLLKTLKKDKSWSQTFESATFYSLKGEVCFNMGQIVLAKKMLRKALKLLNRIFPYNLISLFLHIHVEKNRHFHYVNRQAQESPPPGKKRLAQLYRQTVCLSLLWRIYSYSYLFHCKYYAHLAVMMQMNTALETQNCFQIIKAYLDYSLYHHLAGYKGVWFKYEVMAMEHIFNLPLKGEGIEIVAYVAETLVFNKLIMGHLDLAIELGSRALQMWALLQNPNRHYQSLCRLSRCLLLNSRYPQLIQVLGRLWELSVTQEHIFSKAFFYVCLDILLYSGFVYRTFEECLEFIHQYENNRILKFHSGLLLGLYSSVAIWYARLQEWDNFYKFSNRAKNLLPRRTMTLTYYDGISRYMEGQVLHLQKQIKEQSENAQASGEELLKNLENLVAQNTTGPVFCPRLYHLMAYVCILMGDGQKCGLFLNTALRLSETQGNILEKCWLNMNKESWYSTSELKEDQWLQTILSLPSWEKIVAGRVNIQDLQKNKFLMRANTVDNHF,Nc1nc(Cl)cc(-c2nn(C(F)F)cc2Cc2ccccc2OCCN2CCS(=O)(=O)CC2)n1,3.301029996,10.1021/acs.jmedchem.2c01133,Enzymes
sAC,Q96PN6,MNTPKEEFQDWPIVRIAAHLPDLIVYGHFSPERPFMDYFDGVLMFVDISGFTAMTEKFSSAMYMDRGAEQLVEILNYHISAIVEKVLIFGGDILKFAGDALLALWRVERKQLKNIITVVIKCSLEIHGLFETQEWEEGLDIRVKIGLAAGHISMLVFGDETHSHFLVIGQAVDDVRLAQNMAQMNDVILSPNCWQLCDRSMIEIESVPDQRAVKVNFLKPPPNFNFDEFFTKCTTFMHYYPSGEHKNLLRLACTLKPDPELEMSLQKYVMESILKQIDNKQLQGYLSELRPVTIVFVNLMFEDQDKAEEIGPAIQDAYMHITSVLKIFQGQINKVFMFDKGCSFLCVFGFPGEKVPDELTHALECAMDIFDFCSQVHKIQTVSIGVASGIVFCGIVGHTVRHEYTVIGQKVNLAARMMMYYPGIVTCDSVTYNGSNLPAYFFKELPKKVMKGVADSGPLYQYWGRTEKVMFGMACLICNRKEDYPLLGRNKEINYFMYTMKKFLISNSSQVLMYEGLPGYGKSQILMKIEYLAQGKNHRIIAISLNKISFHQTFYTIQMFMANVLGLDTCKHYKERQTNLRNKVMTLLDEKFYCLLNDIFHVQFPISREISRMSTLKKQKQLEILFMKILKLIVKEERIIFIIDEAQFVDSTSWRFMEKLIRTLPIFIIMSLCPFVNIPCAAARAVIKNRNTTYIVIGAVQPNDISNKICLDLNVSCISKELDSYLGEGSCGIPFYCEELLKNLEHHEVLVFQQTESEEKTNRTWNNLFKYSIKLTEKLNMVTLHSDKESEEVCHLTSGVRLKNLSPPTSLKEISLIQLDSMRLSHQMLVRCAAIIGLTFTTELLFEILPCWNMKMMIKTLATLVESNIFYCFRNGKELQKALKQNDPSFEVHYRSLSLKPSEGMDHGEEEQLRELENEVIECHRIRFCNPMMQKTAYELWLKDQRKAMHLKCARFLEEDAHRCDHCRGRDFIPYHHFTVNIRLNALDMDAIKKMAMSHGFKTEEKLILSNSEIPETSAFFPENRSPEEIREKILNFFDHVLTKMKTSDEDIIPLESCQCEEILEIVILPLAHHFLALGENDKALYYFLEIASAYLIFCDNYMAYMYLNEGQKLLKTLKKDKSWSQTFESATFYSLKGEVCFNMGQIVLAKKMLRKALKLLNRIFPYNLISLFLHIHVEKNRHFHYVNRQAQESPPPGKKRLAQLYRQTVCLSLLWRIYSYSYLFHCKYYAHLAVMMQMNTALETQNCFQIIKAYLDYSLYHHLAGYKGVWFKYEVMAMEHIFNLPLKGEGIEIVAYVAETLVFNKLIMGHLDLAIELGSRALQMWALLQNPNRHYQSLCRLSRCLLLNSRYPQLIQVLGRLWELSVTQEHIFSKAFFYVCLDILLYSGFVYRTFEECLEFIHQYENNRILKFHSGLLLGLYSSVAIWYARLQEWDNFYKFSNRAKNLLPRRTMTLTYYDGISRYMEGQVLHLQKQIKEQSENAQASGEELLKNLENLVAQNTTGPVFCPRLYHLMAYVCILMGDGQKCGLFLNTALRLSETQGNILEKCWLNMNKESWYSTSELKEDQWLQTILSLPSWEKIVAGRVNIQDLQKNKFLMRANTVDNHF,CC1(O)CCN(CCOc2ccccc2Cc2cn(C(F)F)nc2-c2cc(Cl)nc(N)n2)CC1,3.301029996,10.1021/acs.jmedchem.2c01133,Enzymes
sAC,Q96PN6,MNTPKEEFQDWPIVRIAAHLPDLIVYGHFSPERPFMDYFDGVLMFVDISGFTAMTEKFSSAMYMDRGAEQLVEILNYHISAIVEKVLIFGGDILKFAGDALLALWRVERKQLKNIITVVIKCSLEIHGLFETQEWEEGLDIRVKIGLAAGHISMLVFGDETHSHFLVIGQAVDDVRLAQNMAQMNDVILSPNCWQLCDRSMIEIESVPDQRAVKVNFLKPPPNFNFDEFFTKCTTFMHYYPSGEHKNLLRLACTLKPDPELEMSLQKYVMESILKQIDNKQLQGYLSELRPVTIVFVNLMFEDQDKAEEIGPAIQDAYMHITSVLKIFQGQINKVFMFDKGCSFLCVFGFPGEKVPDELTHALECAMDIFDFCSQVHKIQTVSIGVASGIVFCGIVGHTVRHEYTVIGQKVNLAARMMMYYPGIVTCDSVTYNGSNLPAYFFKELPKKVMKGVADSGPLYQYWGRTEKVMFGMACLICNRKEDYPLLGRNKEINYFMYTMKKFLISNSSQVLMYEGLPGYGKSQILMKIEYLAQGKNHRIIAISLNKISFHQTFYTIQMFMANVLGLDTCKHYKERQTNLRNKVMTLLDEKFYCLLNDIFHVQFPISREISRMSTLKKQKQLEILFMKILKLIVKEERIIFIIDEAQFVDSTSWRFMEKLIRTLPIFIIMSLCPFVNIPCAAARAVIKNRNTTYIVIGAVQPNDISNKICLDLNVSCISKELDSYLGEGSCGIPFYCEELLKNLEHHEVLVFQQTESEEKTNRTWNNLFKYSIKLTEKLNMVTLHSDKESEEVCHLTSGVRLKNLSPPTSLKEISLIQLDSMRLSHQMLVRCAAIIGLTFTTELLFEILPCWNMKMMIKTLATLVESNIFYCFRNGKELQKALKQNDPSFEVHYRSLSLKPSEGMDHGEEEQLRELENEVIECHRIRFCNPMMQKTAYELWLKDQRKAMHLKCARFLEEDAHRCDHCRGRDFIPYHHFTVNIRLNALDMDAIKKMAMSHGFKTEEKLILSNSEIPETSAFFPENRSPEEIREKILNFFDHVLTKMKTSDEDIIPLESCQCEEILEIVILPLAHHFLALGENDKALYYFLEIASAYLIFCDNYMAYMYLNEGQKLLKTLKKDKSWSQTFESATFYSLKGEVCFNMGQIVLAKKMLRKALKLLNRIFPYNLISLFLHIHVEKNRHFHYVNRQAQESPPPGKKRLAQLYRQTVCLSLLWRIYSYSYLFHCKYYAHLAVMMQMNTALETQNCFQIIKAYLDYSLYHHLAGYKGVWFKYEVMAMEHIFNLPLKGEGIEIVAYVAETLVFNKLIMGHLDLAIELGSRALQMWALLQNPNRHYQSLCRLSRCLLLNSRYPQLIQVLGRLWELSVTQEHIFSKAFFYVCLDILLYSGFVYRTFEECLEFIHQYENNRILKFHSGLLLGLYSSVAIWYARLQEWDNFYKFSNRAKNLLPRRTMTLTYYDGISRYMEGQVLHLQKQIKEQSENAQASGEELLKNLENLVAQNTTGPVFCPRLYHLMAYVCILMGDGQKCGLFLNTALRLSETQGNILEKCWLNMNKESWYSTSELKEDQWLQTILSLPSWEKIVAGRVNIQDLQKNKFLMRANTVDNHF,COC(=O)[C@@H]1COCCN1CCOc1ccccc1Cc1cn(C(F)F)nc1-c1cc(Cl)nc(N)n1 |a:4|,3.22184875,10.1021/acs.jmedchem.2c01133,Enzymes
sAC,Q96PN6,MNTPKEEFQDWPIVRIAAHLPDLIVYGHFSPERPFMDYFDGVLMFVDISGFTAMTEKFSSAMYMDRGAEQLVEILNYHISAIVEKVLIFGGDILKFAGDALLALWRVERKQLKNIITVVIKCSLEIHGLFETQEWEEGLDIRVKIGLAAGHISMLVFGDETHSHFLVIGQAVDDVRLAQNMAQMNDVILSPNCWQLCDRSMIEIESVPDQRAVKVNFLKPPPNFNFDEFFTKCTTFMHYYPSGEHKNLLRLACTLKPDPELEMSLQKYVMESILKQIDNKQLQGYLSELRPVTIVFVNLMFEDQDKAEEIGPAIQDAYMHITSVLKIFQGQINKVFMFDKGCSFLCVFGFPGEKVPDELTHALECAMDIFDFCSQVHKIQTVSIGVASGIVFCGIVGHTVRHEYTVIGQKVNLAARMMMYYPGIVTCDSVTYNGSNLPAYFFKELPKKVMKGVADSGPLYQYWGRTEKVMFGMACLICNRKEDYPLLGRNKEINYFMYTMKKFLISNSSQVLMYEGLPGYGKSQILMKIEYLAQGKNHRIIAISLNKISFHQTFYTIQMFMANVLGLDTCKHYKERQTNLRNKVMTLLDEKFYCLLNDIFHVQFPISREISRMSTLKKQKQLEILFMKILKLIVKEERIIFIIDEAQFVDSTSWRFMEKLIRTLPIFIIMSLCPFVNIPCAAARAVIKNRNTTYIVIGAVQPNDISNKICLDLNVSCISKELDSYLGEGSCGIPFYCEELLKNLEHHEVLVFQQTESEEKTNRTWNNLFKYSIKLTEKLNMVTLHSDKESEEVCHLTSGVRLKNLSPPTSLKEISLIQLDSMRLSHQMLVRCAAIIGLTFTTELLFEILPCWNMKMMIKTLATLVESNIFYCFRNGKELQKALKQNDPSFEVHYRSLSLKPSEGMDHGEEEQLRELENEVIECHRIRFCNPMMQKTAYELWLKDQRKAMHLKCARFLEEDAHRCDHCRGRDFIPYHHFTVNIRLNALDMDAIKKMAMSHGFKTEEKLILSNSEIPETSAFFPENRSPEEIREKILNFFDHVLTKMKTSDEDIIPLESCQCEEILEIVILPLAHHFLALGENDKALYYFLEIASAYLIFCDNYMAYMYLNEGQKLLKTLKKDKSWSQTFESATFYSLKGEVCFNMGQIVLAKKMLRKALKLLNRIFPYNLISLFLHIHVEKNRHFHYVNRQAQESPPPGKKRLAQLYRQTVCLSLLWRIYSYSYLFHCKYYAHLAVMMQMNTALETQNCFQIIKAYLDYSLYHHLAGYKGVWFKYEVMAMEHIFNLPLKGEGIEIVAYVAETLVFNKLIMGHLDLAIELGSRALQMWALLQNPNRHYQSLCRLSRCLLLNSRYPQLIQVLGRLWELSVTQEHIFSKAFFYVCLDILLYSGFVYRTFEECLEFIHQYENNRILKFHSGLLLGLYSSVAIWYARLQEWDNFYKFSNRAKNLLPRRTMTLTYYDGISRYMEGQVLHLQKQIKEQSENAQASGEELLKNLENLVAQNTTGPVFCPRLYHLMAYVCILMGDGQKCGLFLNTALRLSETQGNILEKCWLNMNKESWYSTSELKEDQWLQTILSLPSWEKIVAGRVNIQDLQKNKFLMRANTVDNHF,COC(=O)[C@H]1COCCN1CCOc1ccccc1Cc1cn(C(F)F)nc1-c1cc(Cl)nc(N)n1 |a:4|,3.397940009,10.1021/acs.jmedchem.2c01133,Enzymes
sAC,Q96PN6,MNTPKEEFQDWPIVRIAAHLPDLIVYGHFSPERPFMDYFDGVLMFVDISGFTAMTEKFSSAMYMDRGAEQLVEILNYHISAIVEKVLIFGGDILKFAGDALLALWRVERKQLKNIITVVIKCSLEIHGLFETQEWEEGLDIRVKIGLAAGHISMLVFGDETHSHFLVIGQAVDDVRLAQNMAQMNDVILSPNCWQLCDRSMIEIESVPDQRAVKVNFLKPPPNFNFDEFFTKCTTFMHYYPSGEHKNLLRLACTLKPDPELEMSLQKYVMESILKQIDNKQLQGYLSELRPVTIVFVNLMFEDQDKAEEIGPAIQDAYMHITSVLKIFQGQINKVFMFDKGCSFLCVFGFPGEKVPDELTHALECAMDIFDFCSQVHKIQTVSIGVASGIVFCGIVGHTVRHEYTVIGQKVNLAARMMMYYPGIVTCDSVTYNGSNLPAYFFKELPKKVMKGVADSGPLYQYWGRTEKVMFGMACLICNRKEDYPLLGRNKEINYFMYTMKKFLISNSSQVLMYEGLPGYGKSQILMKIEYLAQGKNHRIIAISLNKISFHQTFYTIQMFMANVLGLDTCKHYKERQTNLRNKVMTLLDEKFYCLLNDIFHVQFPISREISRMSTLKKQKQLEILFMKILKLIVKEERIIFIIDEAQFVDSTSWRFMEKLIRTLPIFIIMSLCPFVNIPCAAARAVIKNRNTTYIVIGAVQPNDISNKICLDLNVSCISKELDSYLGEGSCGIPFYCEELLKNLEHHEVLVFQQTESEEKTNRTWNNLFKYSIKLTEKLNMVTLHSDKESEEVCHLTSGVRLKNLSPPTSLKEISLIQLDSMRLSHQMLVRCAAIIGLTFTTELLFEILPCWNMKMMIKTLATLVESNIFYCFRNGKELQKALKQNDPSFEVHYRSLSLKPSEGMDHGEEEQLRELENEVIECHRIRFCNPMMQKTAYELWLKDQRKAMHLKCARFLEEDAHRCDHCRGRDFIPYHHFTVNIRLNALDMDAIKKMAMSHGFKTEEKLILSNSEIPETSAFFPENRSPEEIREKILNFFDHVLTKMKTSDEDIIPLESCQCEEILEIVILPLAHHFLALGENDKALYYFLEIASAYLIFCDNYMAYMYLNEGQKLLKTLKKDKSWSQTFESATFYSLKGEVCFNMGQIVLAKKMLRKALKLLNRIFPYNLISLFLHIHVEKNRHFHYVNRQAQESPPPGKKRLAQLYRQTVCLSLLWRIYSYSYLFHCKYYAHLAVMMQMNTALETQNCFQIIKAYLDYSLYHHLAGYKGVWFKYEVMAMEHIFNLPLKGEGIEIVAYVAETLVFNKLIMGHLDLAIELGSRALQMWALLQNPNRHYQSLCRLSRCLLLNSRYPQLIQVLGRLWELSVTQEHIFSKAFFYVCLDILLYSGFVYRTFEECLEFIHQYENNRILKFHSGLLLGLYSSVAIWYARLQEWDNFYKFSNRAKNLLPRRTMTLTYYDGISRYMEGQVLHLQKQIKEQSENAQASGEELLKNLENLVAQNTTGPVFCPRLYHLMAYVCILMGDGQKCGLFLNTALRLSETQGNILEKCWLNMNKESWYSTSELKEDQWLQTILSLPSWEKIVAGRVNIQDLQKNKFLMRANTVDNHF,Nc1nc(Cl)cc(-c2nn(C(F)F)cc2Cc2ccccc2OCCN2CCO[C@@H](CO)C2)n1 |a:29|,3.397940009,10.1021/acs.jmedchem.2c01133,Enzymes
sAC,Q96PN6,MNTPKEEFQDWPIVRIAAHLPDLIVYGHFSPERPFMDYFDGVLMFVDISGFTAMTEKFSSAMYMDRGAEQLVEILNYHISAIVEKVLIFGGDILKFAGDALLALWRVERKQLKNIITVVIKCSLEIHGLFETQEWEEGLDIRVKIGLAAGHISMLVFGDETHSHFLVIGQAVDDVRLAQNMAQMNDVILSPNCWQLCDRSMIEIESVPDQRAVKVNFLKPPPNFNFDEFFTKCTTFMHYYPSGEHKNLLRLACTLKPDPELEMSLQKYVMESILKQIDNKQLQGYLSELRPVTIVFVNLMFEDQDKAEEIGPAIQDAYMHITSVLKIFQGQINKVFMFDKGCSFLCVFGFPGEKVPDELTHALECAMDIFDFCSQVHKIQTVSIGVASGIVFCGIVGHTVRHEYTVIGQKVNLAARMMMYYPGIVTCDSVTYNGSNLPAYFFKELPKKVMKGVADSGPLYQYWGRTEKVMFGMACLICNRKEDYPLLGRNKEINYFMYTMKKFLISNSSQVLMYEGLPGYGKSQILMKIEYLAQGKNHRIIAISLNKISFHQTFYTIQMFMANVLGLDTCKHYKERQTNLRNKVMTLLDEKFYCLLNDIFHVQFPISREISRMSTLKKQKQLEILFMKILKLIVKEERIIFIIDEAQFVDSTSWRFMEKLIRTLPIFIIMSLCPFVNIPCAAARAVIKNRNTTYIVIGAVQPNDISNKICLDLNVSCISKELDSYLGEGSCGIPFYCEELLKNLEHHEVLVFQQTESEEKTNRTWNNLFKYSIKLTEKLNMVTLHSDKESEEVCHLTSGVRLKNLSPPTSLKEISLIQLDSMRLSHQMLVRCAAIIGLTFTTELLFEILPCWNMKMMIKTLATLVESNIFYCFRNGKELQKALKQNDPSFEVHYRSLSLKPSEGMDHGEEEQLRELENEVIECHRIRFCNPMMQKTAYELWLKDQRKAMHLKCARFLEEDAHRCDHCRGRDFIPYHHFTVNIRLNALDMDAIKKMAMSHGFKTEEKLILSNSEIPETSAFFPENRSPEEIREKILNFFDHVLTKMKTSDEDIIPLESCQCEEILEIVILPLAHHFLALGENDKALYYFLEIASAYLIFCDNYMAYMYLNEGQKLLKTLKKDKSWSQTFESATFYSLKGEVCFNMGQIVLAKKMLRKALKLLNRIFPYNLISLFLHIHVEKNRHFHYVNRQAQESPPPGKKRLAQLYRQTVCLSLLWRIYSYSYLFHCKYYAHLAVMMQMNTALETQNCFQIIKAYLDYSLYHHLAGYKGVWFKYEVMAMEHIFNLPLKGEGIEIVAYVAETLVFNKLIMGHLDLAIELGSRALQMWALLQNPNRHYQSLCRLSRCLLLNSRYPQLIQVLGRLWELSVTQEHIFSKAFFYVCLDILLYSGFVYRTFEECLEFIHQYENNRILKFHSGLLLGLYSSVAIWYARLQEWDNFYKFSNRAKNLLPRRTMTLTYYDGISRYMEGQVLHLQKQIKEQSENAQASGEELLKNLENLVAQNTTGPVFCPRLYHLMAYVCILMGDGQKCGLFLNTALRLSETQGNILEKCWLNMNKESWYSTSELKEDQWLQTILSLPSWEKIVAGRVNIQDLQKNKFLMRANTVDNHF,Nc1nc(Cl)cc(-c2nn(C(F)F)cc2Cc2ccccc2OCCN2CCO[C@H](CO)C2)n1 |a:29|,3.096910013,10.1021/acs.jmedchem.2c01133,Enzymes
sAC,Q96PN6,MNTPKEEFQDWPIVRIAAHLPDLIVYGHFSPERPFMDYFDGVLMFVDISGFTAMTEKFSSAMYMDRGAEQLVEILNYHISAIVEKVLIFGGDILKFAGDALLALWRVERKQLKNIITVVIKCSLEIHGLFETQEWEEGLDIRVKIGLAAGHISMLVFGDETHSHFLVIGQAVDDVRLAQNMAQMNDVILSPNCWQLCDRSMIEIESVPDQRAVKVNFLKPPPNFNFDEFFTKCTTFMHYYPSGEHKNLLRLACTLKPDPELEMSLQKYVMESILKQIDNKQLQGYLSELRPVTIVFVNLMFEDQDKAEEIGPAIQDAYMHITSVLKIFQGQINKVFMFDKGCSFLCVFGFPGEKVPDELTHALECAMDIFDFCSQVHKIQTVSIGVASGIVFCGIVGHTVRHEYTVIGQKVNLAARMMMYYPGIVTCDSVTYNGSNLPAYFFKELPKKVMKGVADSGPLYQYWGRTEKVMFGMACLICNRKEDYPLLGRNKEINYFMYTMKKFLISNSSQVLMYEGLPGYGKSQILMKIEYLAQGKNHRIIAISLNKISFHQTFYTIQMFMANVLGLDTCKHYKERQTNLRNKVMTLLDEKFYCLLNDIFHVQFPISREISRMSTLKKQKQLEILFMKILKLIVKEERIIFIIDEAQFVDSTSWRFMEKLIRTLPIFIIMSLCPFVNIPCAAARAVIKNRNTTYIVIGAVQPNDISNKICLDLNVSCISKELDSYLGEGSCGIPFYCEELLKNLEHHEVLVFQQTESEEKTNRTWNNLFKYSIKLTEKLNMVTLHSDKESEEVCHLTSGVRLKNLSPPTSLKEISLIQLDSMRLSHQMLVRCAAIIGLTFTTELLFEILPCWNMKMMIKTLATLVESNIFYCFRNGKELQKALKQNDPSFEVHYRSLSLKPSEGMDHGEEEQLRELENEVIECHRIRFCNPMMQKTAYELWLKDQRKAMHLKCARFLEEDAHRCDHCRGRDFIPYHHFTVNIRLNALDMDAIKKMAMSHGFKTEEKLILSNSEIPETSAFFPENRSPEEIREKILNFFDHVLTKMKTSDEDIIPLESCQCEEILEIVILPLAHHFLALGENDKALYYFLEIASAYLIFCDNYMAYMYLNEGQKLLKTLKKDKSWSQTFESATFYSLKGEVCFNMGQIVLAKKMLRKALKLLNRIFPYNLISLFLHIHVEKNRHFHYVNRQAQESPPPGKKRLAQLYRQTVCLSLLWRIYSYSYLFHCKYYAHLAVMMQMNTALETQNCFQIIKAYLDYSLYHHLAGYKGVWFKYEVMAMEHIFNLPLKGEGIEIVAYVAETLVFNKLIMGHLDLAIELGSRALQMWALLQNPNRHYQSLCRLSRCLLLNSRYPQLIQVLGRLWELSVTQEHIFSKAFFYVCLDILLYSGFVYRTFEECLEFIHQYENNRILKFHSGLLLGLYSSVAIWYARLQEWDNFYKFSNRAKNLLPRRTMTLTYYDGISRYMEGQVLHLQKQIKEQSENAQASGEELLKNLENLVAQNTTGPVFCPRLYHLMAYVCILMGDGQKCGLFLNTALRLSETQGNILEKCWLNMNKESWYSTSELKEDQWLQTILSLPSWEKIVAGRVNIQDLQKNKFLMRANTVDNHF,Nc1nc(Cl)cc(-c2nn(C(F)F)cc2Cc2ccccc2OCCN2CCOC[C@@H]2CO)n1 |a:30|,3.301029996,10.1021/acs.jmedchem.2c01133,Enzymes
sAC,Q96PN6,MNTPKEEFQDWPIVRIAAHLPDLIVYGHFSPERPFMDYFDGVLMFVDISGFTAMTEKFSSAMYMDRGAEQLVEILNYHISAIVEKVLIFGGDILKFAGDALLALWRVERKQLKNIITVVIKCSLEIHGLFETQEWEEGLDIRVKIGLAAGHISMLVFGDETHSHFLVIGQAVDDVRLAQNMAQMNDVILSPNCWQLCDRSMIEIESVPDQRAVKVNFLKPPPNFNFDEFFTKCTTFMHYYPSGEHKNLLRLACTLKPDPELEMSLQKYVMESILKQIDNKQLQGYLSELRPVTIVFVNLMFEDQDKAEEIGPAIQDAYMHITSVLKIFQGQINKVFMFDKGCSFLCVFGFPGEKVPDELTHALECAMDIFDFCSQVHKIQTVSIGVASGIVFCGIVGHTVRHEYTVIGQKVNLAARMMMYYPGIVTCDSVTYNGSNLPAYFFKELPKKVMKGVADSGPLYQYWGRTEKVMFGMACLICNRKEDYPLLGRNKEINYFMYTMKKFLISNSSQVLMYEGLPGYGKSQILMKIEYLAQGKNHRIIAISLNKISFHQTFYTIQMFMANVLGLDTCKHYKERQTNLRNKVMTLLDEKFYCLLNDIFHVQFPISREISRMSTLKKQKQLEILFMKILKLIVKEERIIFIIDEAQFVDSTSWRFMEKLIRTLPIFIIMSLCPFVNIPCAAARAVIKNRNTTYIVIGAVQPNDISNKICLDLNVSCISKELDSYLGEGSCGIPFYCEELLKNLEHHEVLVFQQTESEEKTNRTWNNLFKYSIKLTEKLNMVTLHSDKESEEVCHLTSGVRLKNLSPPTSLKEISLIQLDSMRLSHQMLVRCAAIIGLTFTTELLFEILPCWNMKMMIKTLATLVESNIFYCFRNGKELQKALKQNDPSFEVHYRSLSLKPSEGMDHGEEEQLRELENEVIECHRIRFCNPMMQKTAYELWLKDQRKAMHLKCARFLEEDAHRCDHCRGRDFIPYHHFTVNIRLNALDMDAIKKMAMSHGFKTEEKLILSNSEIPETSAFFPENRSPEEIREKILNFFDHVLTKMKTSDEDIIPLESCQCEEILEIVILPLAHHFLALGENDKALYYFLEIASAYLIFCDNYMAYMYLNEGQKLLKTLKKDKSWSQTFESATFYSLKGEVCFNMGQIVLAKKMLRKALKLLNRIFPYNLISLFLHIHVEKNRHFHYVNRQAQESPPPGKKRLAQLYRQTVCLSLLWRIYSYSYLFHCKYYAHLAVMMQMNTALETQNCFQIIKAYLDYSLYHHLAGYKGVWFKYEVMAMEHIFNLPLKGEGIEIVAYVAETLVFNKLIMGHLDLAIELGSRALQMWALLQNPNRHYQSLCRLSRCLLLNSRYPQLIQVLGRLWELSVTQEHIFSKAFFYVCLDILLYSGFVYRTFEECLEFIHQYENNRILKFHSGLLLGLYSSVAIWYARLQEWDNFYKFSNRAKNLLPRRTMTLTYYDGISRYMEGQVLHLQKQIKEQSENAQASGEELLKNLENLVAQNTTGPVFCPRLYHLMAYVCILMGDGQKCGLFLNTALRLSETQGNILEKCWLNMNKESWYSTSELKEDQWLQTILSLPSWEKIVAGRVNIQDLQKNKFLMRANTVDNHF,Nc1nc(Cl)cc(-c2nn(C(F)F)cc2Cc2ccccc2OCCN2CCOC[C@H]2CO)n1 |a:30|,3.397940009,10.1021/acs.jmedchem.2c01133,Enzymes
V2R,P30518,MLMASTTSAVPGHPSLPSLPSNSSQERPLDTRDPLLARAELALLSIVFVAVALSNGLVLAALARRGRRGHWAPIHVFIGHLCLADLAVALFQVLPQLAWKATDRFRGPDALCRAVKYLQMVGMYASSYMILAMTLDRHRAICRPMLAYRHGSGAHWNRPVLVAWAFSLLLSLPQLFIFAQRNVEGGSGVTDCWACFAEPWGRRTYVTWIALMVFVAPTLGIAACQVLIFREIHASLVPGPSERPGGRRRGRRTGSPGEGAHVSAAVAKTVRMTLVIVVVYVLCWAPFFLVQLWAAWDPEAPLEGAPFVLLMLLASLNSCTNPWIYASFSSSVSSELRSLLCCARGRTPPSLGPQDESCTTASSSLAKDTSS,ClC1=CC(C(NCCN2CCOCC2)CCCN3C(C4=C(C)C=C(NC(C5=C(C)C=CC=C5)=O)C=C4)=O)=C3C=C1,3.106053392,10.1021/acs.jmedchem.2c00011,GPCRs
V2R,P30518,MLMASTTSAVPGHPSLPSLPSNSSQERPLDTRDPLLARAELALLSIVFVAVALSNGLVLAALARRGRRGHWAPIHVFIGHLCLADLAVALFQVLPQLAWKATDRFRGPDALCRAVKYLQMVGMYASSYMILAMTLDRHRAICRPMLAYRHGSGAHWNRPVLVAWAFSLLLSLPQLFIFAQRNVEGGSGVTDCWACFAEPWGRRTYVTWIALMVFVAPTLGIAACQVLIFREIHASLVPGPSERPGGRRRGRRTGSPGEGAHVSAAVAKTVRMTLVIVVVYVLCWAPFFLVQLWAAWDPEAPLEGAPFVLLMLLASLNSCTNPWIYASFSSSVSSELRSLLCCARGRTPPSLGPQDESCTTASSSLAKDTSS,ClC1=CC(C(NCCCN2CCOCC2)CCCN3C(C4=C(C)C=C(NC(C5=C(C)C=CC=C5)=O)C=C4)=O)=C3C=C1,3.165367394,10.1021/acs.jmedchem.2c00011,GPCRs
V2R,P30518,MLMASTTSAVPGHPSLPSLPSNSSQERPLDTRDPLLARAELALLSIVFVAVALSNGLVLAALARRGRRGHWAPIHVFIGHLCLADLAVALFQVLPQLAWKATDRFRGPDALCRAVKYLQMVGMYASSYMILAMTLDRHRAICRPMLAYRHGSGAHWNRPVLVAWAFSLLLSLPQLFIFAQRNVEGGSGVTDCWACFAEPWGRRTYVTWIALMVFVAPTLGIAACQVLIFREIHASLVPGPSERPGGRRRGRRTGSPGEGAHVSAAVAKTVRMTLVIVVVYVLCWAPFFLVQLWAAWDPEAPLEGAPFVLLMLLASLNSCTNPWIYASFSSSVSSELRSLLCCARGRTPPSLGPQDESCTTASSSLAKDTSS,ClC1=CC(C(NCCCCN2CCOCC2)CCCN3C(C4=C(C)C=C(NC(C5=C(C)C=CC=C5)=O)C=C4)=O)=C3C=C1,2.869666232,10.1021/acs.jmedchem.2c00011,GPCRs
V2R,P30518,MLMASTTSAVPGHPSLPSLPSNSSQERPLDTRDPLLARAELALLSIVFVAVALSNGLVLAALARRGRRGHWAPIHVFIGHLCLADLAVALFQVLPQLAWKATDRFRGPDALCRAVKYLQMVGMYASSYMILAMTLDRHRAICRPMLAYRHGSGAHWNRPVLVAWAFSLLLSLPQLFIFAQRNVEGGSGVTDCWACFAEPWGRRTYVTWIALMVFVAPTLGIAACQVLIFREIHASLVPGPSERPGGRRRGRRTGSPGEGAHVSAAVAKTVRMTLVIVVVYVLCWAPFFLVQLWAAWDPEAPLEGAPFVLLMLLASLNSCTNPWIYASFSSSVSSELRSLLCCARGRTPPSLGPQDESCTTASSSLAKDTSS,ClC1=CC(C(NCCCCCN2CCOCC2)CCCN3C(C4=C(C)C=C(NC(C5=C(C)C=CC=C5)=O)C=C4)=O)=C3C=C1,2.926892902,10.1021/acs.jmedchem.2c00011,GPCRs
V2R,P30518,MLMASTTSAVPGHPSLPSLPSNSSQERPLDTRDPLLARAELALLSIVFVAVALSNGLVLAALARRGRRGHWAPIHVFIGHLCLADLAVALFQVLPQLAWKATDRFRGPDALCRAVKYLQMVGMYASSYMILAMTLDRHRAICRPMLAYRHGSGAHWNRPVLVAWAFSLLLSLPQLFIFAQRNVEGGSGVTDCWACFAEPWGRRTYVTWIALMVFVAPTLGIAACQVLIFREIHASLVPGPSERPGGRRRGRRTGSPGEGAHVSAAVAKTVRMTLVIVVVYVLCWAPFFLVQLWAAWDPEAPLEGAPFVLLMLLASLNSCTNPWIYASFSSSVSSELRSLLCCARGRTPPSLGPQDESCTTASSSLAKDTSS,ClC1=CC(C(NCCCC2=CC=NC=C2)CCCN3C(C4=C(C)C=C(NC(C5=C(C)C=CC=C5)=O)C=C4)=O)=C3C=C1,2.903089987,10.1021/acs.jmedchem.2c00011,GPCRs
V2R,P30518,MLMASTTSAVPGHPSLPSLPSNSSQERPLDTRDPLLARAELALLSIVFVAVALSNGLVLAALARRGRRGHWAPIHVFIGHLCLADLAVALFQVLPQLAWKATDRFRGPDALCRAVKYLQMVGMYASSYMILAMTLDRHRAICRPMLAYRHGSGAHWNRPVLVAWAFSLLLSLPQLFIFAQRNVEGGSGVTDCWACFAEPWGRRTYVTWIALMVFVAPTLGIAACQVLIFREIHASLVPGPSERPGGRRRGRRTGSPGEGAHVSAAVAKTVRMTLVIVVVYVLCWAPFFLVQLWAAWDPEAPLEGAPFVLLMLLASLNSCTNPWIYASFSSSVSSELRSLLCCARGRTPPSLGPQDESCTTASSSLAKDTSS,ClC1=CC(C(NCCCN2CCCCC2)CCCN3C(C4=C(C)C=C(NC(C5=C(C)C=CC=C5)=O)C=C4)=O)=C3C=C1,2.380211242,10.1021/acs.jmedchem.2c00011,GPCRs
V2R,P30518,MLMASTTSAVPGHPSLPSLPSNSSQERPLDTRDPLLARAELALLSIVFVAVALSNGLVLAALARRGRRGHWAPIHVFIGHLCLADLAVALFQVLPQLAWKATDRFRGPDALCRAVKYLQMVGMYASSYMILAMTLDRHRAICRPMLAYRHGSGAHWNRPVLVAWAFSLLLSLPQLFIFAQRNVEGGSGVTDCWACFAEPWGRRTYVTWIALMVFVAPTLGIAACQVLIFREIHASLVPGPSERPGGRRRGRRTGSPGEGAHVSAAVAKTVRMTLVIVVVYVLCWAPFFLVQLWAAWDPEAPLEGAPFVLLMLLASLNSCTNPWIYASFSSSVSSELRSLLCCARGRTPPSLGPQDESCTTASSSLAKDTSS,ClC1=CC(C(NCCC(N2CCOCC2)=O)CCCN3C(C4=C(C)C=C(NC(C5=C(C)C=CC=C5)=O)C=C4)=O)=C3C=C1,2.736758565,10.1021/acs.jmedchem.2c00011,GPCRs
V2R,P30518,MLMASTTSAVPGHPSLPSLPSNSSQERPLDTRDPLLARAELALLSIVFVAVALSNGLVLAALARRGRRGHWAPIHVFIGHLCLADLAVALFQVLPQLAWKATDRFRGPDALCRAVKYLQMVGMYASSYMILAMTLDRHRAICRPMLAYRHGSGAHWNRPVLVAWAFSLLLSLPQLFIFAQRNVEGGSGVTDCWACFAEPWGRRTYVTWIALMVFVAPTLGIAACQVLIFREIHASLVPGPSERPGGRRRGRRTGSPGEGAHVSAAVAKTVRMTLVIVVVYVLCWAPFFLVQLWAAWDPEAPLEGAPFVLLMLLASLNSCTNPWIYASFSSSVSSELRSLLCCARGRTPPSLGPQDESCTTASSSLAKDTSS,ClC1=CC(C(NCCCN2CCN(C)CC2)CCCN3C(C4=C(C)C=C(NC(C5=C(C)C=CC=C5)=O)C=C4)=O)=C3C=C1,2.632023215,10.1021/acs.jmedchem.2c00011,GPCRs
V2R,P30518,MLMASTTSAVPGHPSLPSLPSNSSQERPLDTRDPLLARAELALLSIVFVAVALSNGLVLAALARRGRRGHWAPIHVFIGHLCLADLAVALFQVLPQLAWKATDRFRGPDALCRAVKYLQMVGMYASSYMILAMTLDRHRAICRPMLAYRHGSGAHWNRPVLVAWAFSLLLSLPQLFIFAQRNVEGGSGVTDCWACFAEPWGRRTYVTWIALMVFVAPTLGIAACQVLIFREIHASLVPGPSERPGGRRRGRRTGSPGEGAHVSAAVAKTVRMTLVIVVVYVLCWAPFFLVQLWAAWDPEAPLEGAPFVLLMLLASLNSCTNPWIYASFSSSVSSELRSLLCCARGRTPPSLGPQDESCTTASSSLAKDTSS,ClC1=CC(C(NCCCN(CC)CC)CCCN2C(C3=C(C)C=C(NC(C4=C(C)C=CC=C4)=O)C=C3)=O)=C2C=C1,2.602059991,10.1021/acs.jmedchem.2c00011,GPCRs
Dipeptidyl peptidase 4,P27487|Q53TN1,MKTPWKVLLGLLGAAALVTIITVPVVLLNKGTDDATADSRKTYTLTDYLKNTYRLKLYSLRWISDHEYLYKQENNILVFNAEYGNSSVFLENSTFDEFGHSINDYSISPDGQFILLEYNYVKQWRHSYTASYDIYDLNKRQLITEERIPNNTQWVTWSPVGHKLAYVWNNDIYVKIEPNLPSYRITWTGKEDIIYNGITDWVYEEEVFSAYSALWWSPNGTFLAYAQFNDTEVPLIEYSFYSDESLQYPKTVRVPYPKAGAVNPTVKFFVVNTDSLSSVTNATSIQITAPASMLIGDHYLCDVTWATQERISLQWLRRIQNYSVMDICDYDESSGRWNCLVARQHIEMSTTGWVGRFRPSEPHFTLDGNSFYKIISNEEGYRHICYFQIDKKDCTFITKGTWEVIGIEALTSDYLYYISNEYKGMPGGRNLYKIQLSDYTKVTCLSCELNPERCQYYSVSFSKEAKYYQLRCSGPGLPLYTLHSSVNDKGLRVLEDNSALDKMLQNVQMPSKKLDFIILNETKFWYQMILPPHFDKSKKYPLLLDVYAGPCSQKADTVFRLNWATYLASTENIIVASFDGRGSGYQGDKIMHAINRRLGTFEVEDQIEAARQFSKMGFVDNKRIAIWGWSYGGYVTSMVLGSGSGVFKCGIAVAPVSRWEYYDSVYTERYMGLPTPEDNLDHYRNSTVMSRAENFKQVEYLLIHGTADDNVHFQQSAQISKALVDVGVDFQAMWYTDEDHGIASSTAHQHIYTHMSHFIKQCFSLP,N[C@H]1C[C@@H](N2CC3=C(C2)CS(=O)(=O)C3)CO[C@@H]1c1cc(F)ccc1F,3.49485,10.1093/nar/gkw1074,Enzymes
Dipeptidyl peptidase 4,P27487|Q53TN1,MKTPWKVLLGLLGAAALVTIITVPVVLLNKGTDDATADSRKTYTLTDYLKNTYRLKLYSLRWISDHEYLYKQENNILVFNAEYGNSSVFLENSTFDEFGHSINDYSISPDGQFILLEYNYVKQWRHSYTASYDIYDLNKRQLITEERIPNNTQWVTWSPVGHKLAYVWNNDIYVKIEPNLPSYRITWTGKEDIIYNGITDWVYEEEVFSAYSALWWSPNGTFLAYAQFNDTEVPLIEYSFYSDESLQYPKTVRVPYPKAGAVNPTVKFFVVNTDSLSSVTNATSIQITAPASMLIGDHYLCDVTWATQERISLQWLRRIQNYSVMDICDYDESSGRWNCLVARQHIEMSTTGWVGRFRPSEPHFTLDGNSFYKIISNEEGYRHICYFQIDKKDCTFITKGTWEVIGIEALTSDYLYYISNEYKGMPGGRNLYKIQLSDYTKVTCLSCELNPERCQYYSVSFSKEAKYYQLRCSGPGLPLYTLHSSVNDKGLRVLEDNSALDKMLQNVQMPSKKLDFIILNETKFWYQMILPPHFDKSKKYPLLLDVYAGPCSQKADTVFRLNWATYLASTENIIVASFDGRGSGYQGDKIMHAINRRLGTFEVEDQIEAARQFSKMGFVDNKRIAIWGWSYGGYVTSMVLGSGSGVFKCGIAVAPVSRWEYYDSVYTERYMGLPTPEDNLDHYRNSTVMSRAENFKQVEYLLIHGTADDNVHFQQSAQISKALVDVGVDFQAMWYTDEDHGIASSTAHQHIYTHMSHFIKQCFSLP,N#C[C@@H]1C[C@@H]2C[C@@H]2N1C(=O)[C@@H](N)C12CC3CC(CC(O)(C3)C1)C2,3.638272,10.1093/nar/gkw1074,Enzymes
Dipeptidyl peptidase 4,P27487|Q53TN1,MKTPWKVLLGLLGAAALVTIITVPVVLLNKGTDDATADSRKTYTLTDYLKNTYRLKLYSLRWISDHEYLYKQENNILVFNAEYGNSSVFLENSTFDEFGHSINDYSISPDGQFILLEYNYVKQWRHSYTASYDIYDLNKRQLITEERIPNNTQWVTWSPVGHKLAYVWNNDIYVKIEPNLPSYRITWTGKEDIIYNGITDWVYEEEVFSAYSALWWSPNGTFLAYAQFNDTEVPLIEYSFYSDESLQYPKTVRVPYPKAGAVNPTVKFFVVNTDSLSSVTNATSIQITAPASMLIGDHYLCDVTWATQERISLQWLRRIQNYSVMDICDYDESSGRWNCLVARQHIEMSTTGWVGRFRPSEPHFTLDGNSFYKIISNEEGYRHICYFQIDKKDCTFITKGTWEVIGIEALTSDYLYYISNEYKGMPGGRNLYKIQLSDYTKVTCLSCELNPERCQYYSVSFSKEAKYYQLRCSGPGLPLYTLHSSVNDKGLRVLEDNSALDKMLQNVQMPSKKLDFIILNETKFWYQMILPPHFDKSKKYPLLLDVYAGPCSQKADTVFRLNWATYLASTENIIVASFDGRGSGYQGDKIMHAINRRLGTFEVEDQIEAARQFSKMGFVDNKRIAIWGWSYGGYVTSMVLGSGSGVFKCGIAVAPVSRWEYYDSVYTERYMGLPTPEDNLDHYRNSTVMSRAENFKQVEYLLIHGTADDNVHFQQSAQISKALVDVGVDFQAMWYTDEDHGIASSTAHQHIYTHMSHFIKQCFSLP,N#C[C@@H]1C[C@@H]2C[C@@H]2N1C(=O)[C@@H](N)C12CC3CC(O)(CC(O)(C3)C1)C2,3.30103,10.1093/nar/gkw1074,Enzymes
Dipeptidyl peptidase 4,P27487|Q53TN1,MKTPWKVLLGLLGAAALVTIITVPVVLLNKGTDDATADSRKTYTLTDYLKNTYRLKLYSLRWISDHEYLYKQENNILVFNAEYGNSSVFLENSTFDEFGHSINDYSISPDGQFILLEYNYVKQWRHSYTASYDIYDLNKRQLITEERIPNNTQWVTWSPVGHKLAYVWNNDIYVKIEPNLPSYRITWTGKEDIIYNGITDWVYEEEVFSAYSALWWSPNGTFLAYAQFNDTEVPLIEYSFYSDESLQYPKTVRVPYPKAGAVNPTVKFFVVNTDSLSSVTNATSIQITAPASMLIGDHYLCDVTWATQERISLQWLRRIQNYSVMDICDYDESSGRWNCLVARQHIEMSTTGWVGRFRPSEPHFTLDGNSFYKIISNEEGYRHICYFQIDKKDCTFITKGTWEVIGIEALTSDYLYYISNEYKGMPGGRNLYKIQLSDYTKVTCLSCELNPERCQYYSVSFSKEAKYYQLRCSGPGLPLYTLHSSVNDKGLRVLEDNSALDKMLQNVQMPSKKLDFIILNETKFWYQMILPPHFDKSKKYPLLLDVYAGPCSQKADTVFRLNWATYLASTENIIVASFDGRGSGYQGDKIMHAINRRLGTFEVEDQIEAARQFSKMGFVDNKRIAIWGWSYGGYVTSMVLGSGSGVFKCGIAVAPVSRWEYYDSVYTERYMGLPTPEDNLDHYRNSTVMSRAENFKQVEYLLIHGTADDNVHFQQSAQISKALVDVGVDFQAMWYTDEDHGIASSTAHQHIYTHMSHFIKQCFSLP,N#C[C@@H]1CCCN1C(=O)CNC12CC3CC(CC(O)(C3)C1)C2,2.481486,10.1093/nar/gkw1074,Enzymes
Dipeptidyl peptidase 4,P27487|Q53TN1,MKTPWKVLLGLLGAAALVTIITVPVVLLNKGTDDATADSRKTYTLTDYLKNTYRLKLYSLRWISDHEYLYKQENNILVFNAEYGNSSVFLENSTFDEFGHSINDYSISPDGQFILLEYNYVKQWRHSYTASYDIYDLNKRQLITEERIPNNTQWVTWSPVGHKLAYVWNNDIYVKIEPNLPSYRITWTGKEDIIYNGITDWVYEEEVFSAYSALWWSPNGTFLAYAQFNDTEVPLIEYSFYSDESLQYPKTVRVPYPKAGAVNPTVKFFVVNTDSLSSVTNATSIQITAPASMLIGDHYLCDVTWATQERISLQWLRRIQNYSVMDICDYDESSGRWNCLVARQHIEMSTTGWVGRFRPSEPHFTLDGNSFYKIISNEEGYRHICYFQIDKKDCTFITKGTWEVIGIEALTSDYLYYISNEYKGMPGGRNLYKIQLSDYTKVTCLSCELNPERCQYYSVSFSKEAKYYQLRCSGPGLPLYTLHSSVNDKGLRVLEDNSALDKMLQNVQMPSKKLDFIILNETKFWYQMILPPHFDKSKKYPLLLDVYAGPCSQKADTVFRLNWATYLASTENIIVASFDGRGSGYQGDKIMHAINRRLGTFEVEDQIEAARQFSKMGFVDNKRIAIWGWSYGGYVTSMVLGSGSGVFKCGIAVAPVSRWEYYDSVYTERYMGLPTPEDNLDHYRNSTVMSRAENFKQVEYLLIHGTADDNVHFQQSAQISKALVDVGVDFQAMWYTDEDHGIASSTAHQHIYTHMSHFIKQCFSLP,Cn1c(=O)cc(N2CCC[C@@H](N)C2)n(Cc2cc(F)ccc2C#N)c1=O,3.39794,10.1093/nar/gkw1074,Enzymes
Dipeptidyl peptidase 4,P27487|Q53TN1,MKTPWKVLLGLLGAAALVTIITVPVVLLNKGTDDATADSRKTYTLTDYLKNTYRLKLYSLRWISDHEYLYKQENNILVFNAEYGNSSVFLENSTFDEFGHSINDYSISPDGQFILLEYNYVKQWRHSYTASYDIYDLNKRQLITEERIPNNTQWVTWSPVGHKLAYVWNNDIYVKIEPNLPSYRITWTGKEDIIYNGITDWVYEEEVFSAYSALWWSPNGTFLAYAQFNDTEVPLIEYSFYSDESLQYPKTVRVPYPKAGAVNPTVKFFVVNTDSLSSVTNATSIQITAPASMLIGDHYLCDVTWATQERISLQWLRRIQNYSVMDICDYDESSGRWNCLVARQHIEMSTTGWVGRFRPSEPHFTLDGNSFYKIISNEEGYRHICYFQIDKKDCTFITKGTWEVIGIEALTSDYLYYISNEYKGMPGGRNLYKIQLSDYTKVTCLSCELNPERCQYYSVSFSKEAKYYQLRCSGPGLPLYTLHSSVNDKGLRVLEDNSALDKMLQNVQMPSKKLDFIILNETKFWYQMILPPHFDKSKKYPLLLDVYAGPCSQKADTVFRLNWATYLASTENIIVASFDGRGSGYQGDKIMHAINRRLGTFEVEDQIEAARQFSKMGFVDNKRIAIWGWSYGGYVTSMVLGSGSGVFKCGIAVAPVSRWEYYDSVYTERYMGLPTPEDNLDHYRNSTVMSRAENFKQVEYLLIHGTADDNVHFQQSAQISKALVDVGVDFQAMWYTDEDHGIASSTAHQHIYTHMSHFIKQCFSLP,N[C@@H](CC(=O)N1CCn2c(nnc2C(F)(F)F)C1)Cc1cc(F)c(F)cc1F,1.826814,10.1093/nar/gkw1074,Enzymes
Dipeptidyl peptidase 4,P27487|Q53TN1,MKTPWKVLLGLLGAAALVTIITVPVVLLNKGTDDATADSRKTYTLTDYLKNTYRLKLYSLRWISDHEYLYKQENNILVFNAEYGNSSVFLENSTFDEFGHSINDYSISPDGQFILLEYNYVKQWRHSYTASYDIYDLNKRQLITEERIPNNTQWVTWSPVGHKLAYVWNNDIYVKIEPNLPSYRITWTGKEDIIYNGITDWVYEEEVFSAYSALWWSPNGTFLAYAQFNDTEVPLIEYSFYSDESLQYPKTVRVPYPKAGAVNPTVKFFVVNTDSLSSVTNATSIQITAPASMLIGDHYLCDVTWATQERISLQWLRRIQNYSVMDICDYDESSGRWNCLVARQHIEMSTTGWVGRFRPSEPHFTLDGNSFYKIISNEEGYRHICYFQIDKKDCTFITKGTWEVIGIEALTSDYLYYISNEYKGMPGGRNLYKIQLSDYTKVTCLSCELNPERCQYYSVSFSKEAKYYQLRCSGPGLPLYTLHSSVNDKGLRVLEDNSALDKMLQNVQMPSKKLDFIILNETKFWYQMILPPHFDKSKKYPLLLDVYAGPCSQKADTVFRLNWATYLASTENIIVASFDGRGSGYQGDKIMHAINRRLGTFEVEDQIEAARQFSKMGFVDNKRIAIWGWSYGGYVTSMVLGSGSGVFKCGIAVAPVSRWEYYDSVYTERYMGLPTPEDNLDHYRNSTVMSRAENFKQVEYLLIHGTADDNVHFQQSAQISKALVDVGVDFQAMWYTDEDHGIASSTAHQHIYTHMSHFIKQCFSLP,COc1cc2ccc3c(c2cc1OC)C[C@H](N)[C@@H](c1cc(F)c(F)cc1F)O3,2.464706,10.1093/nar/gkw1074,Enzymes
Dipeptidyl peptidase 4,P27487|Q53TN1,MKTPWKVLLGLLGAAALVTIITVPVVLLNKGTDDATADSRKTYTLTDYLKNTYRLKLYSLRWISDHEYLYKQENNILVFNAEYGNSSVFLENSTFDEFGHSINDYSISPDGQFILLEYNYVKQWRHSYTASYDIYDLNKRQLITEERIPNNTQWVTWSPVGHKLAYVWNNDIYVKIEPNLPSYRITWTGKEDIIYNGITDWVYEEEVFSAYSALWWSPNGTFLAYAQFNDTEVPLIEYSFYSDESLQYPKTVRVPYPKAGAVNPTVKFFVVNTDSLSSVTNATSIQITAPASMLIGDHYLCDVTWATQERISLQWLRRIQNYSVMDICDYDESSGRWNCLVARQHIEMSTTGWVGRFRPSEPHFTLDGNSFYKIISNEEGYRHICYFQIDKKDCTFITKGTWEVIGIEALTSDYLYYISNEYKGMPGGRNLYKIQLSDYTKVTCLSCELNPERCQYYSVSFSKEAKYYQLRCSGPGLPLYTLHSSVNDKGLRVLEDNSALDKMLQNVQMPSKKLDFIILNETKFWYQMILPPHFDKSKKYPLLLDVYAGPCSQKADTVFRLNWATYLASTENIIVASFDGRGSGYQGDKIMHAINRRLGTFEVEDQIEAARQFSKMGFVDNKRIAIWGWSYGGYVTSMVLGSGSGVFKCGIAVAPVSRWEYYDSVYTERYMGLPTPEDNLDHYRNSTVMSRAENFKQVEYLLIHGTADDNVHFQQSAQISKALVDVGVDFQAMWYTDEDHGIASSTAHQHIYTHMSHFIKQCFSLP,COc1cc2c3c(ccc2cc1S(C)(=O)=O)O[C@H](c1cc(F)c(F)cc1F)[C@@H](N)C3,1.170053,10.1093/nar/gkw1074,Enzymes
Dipeptidyl peptidase 4,P27487|Q53TN1,MKTPWKVLLGLLGAAALVTIITVPVVLLNKGTDDATADSRKTYTLTDYLKNTYRLKLYSLRWISDHEYLYKQENNILVFNAEYGNSSVFLENSTFDEFGHSINDYSISPDGQFILLEYNYVKQWRHSYTASYDIYDLNKRQLITEERIPNNTQWVTWSPVGHKLAYVWNNDIYVKIEPNLPSYRITWTGKEDIIYNGITDWVYEEEVFSAYSALWWSPNGTFLAYAQFNDTEVPLIEYSFYSDESLQYPKTVRVPYPKAGAVNPTVKFFVVNTDSLSSVTNATSIQITAPASMLIGDHYLCDVTWATQERISLQWLRRIQNYSVMDICDYDESSGRWNCLVARQHIEMSTTGWVGRFRPSEPHFTLDGNSFYKIISNEEGYRHICYFQIDKKDCTFITKGTWEVIGIEALTSDYLYYISNEYKGMPGGRNLYKIQLSDYTKVTCLSCELNPERCQYYSVSFSKEAKYYQLRCSGPGLPLYTLHSSVNDKGLRVLEDNSALDKMLQNVQMPSKKLDFIILNETKFWYQMILPPHFDKSKKYPLLLDVYAGPCSQKADTVFRLNWATYLASTENIIVASFDGRGSGYQGDKIMHAINRRLGTFEVEDQIEAARQFSKMGFVDNKRIAIWGWSYGGYVTSMVLGSGSGVFKCGIAVAPVSRWEYYDSVYTERYMGLPTPEDNLDHYRNSTVMSRAENFKQVEYLLIHGTADDNVHFQQSAQISKALVDVGVDFQAMWYTDEDHGIASSTAHQHIYTHMSHFIKQCFSLP,CS(=O)(=O)n1cc2c(n1)CN([C@H]1CO[C@H](c3cc(F)ccc3F)[C@@H](N)C1)C2,3.149354,10.1093/nar/gkw1074,Enzymes
Dipeptidyl peptidase 4,P27487|Q53TN1,MKTPWKVLLGLLGAAALVTIITVPVVLLNKGTDDATADSRKTYTLTDYLKNTYRLKLYSLRWISDHEYLYKQENNILVFNAEYGNSSVFLENSTFDEFGHSINDYSISPDGQFILLEYNYVKQWRHSYTASYDIYDLNKRQLITEERIPNNTQWVTWSPVGHKLAYVWNNDIYVKIEPNLPSYRITWTGKEDIIYNGITDWVYEEEVFSAYSALWWSPNGTFLAYAQFNDTEVPLIEYSFYSDESLQYPKTVRVPYPKAGAVNPTVKFFVVNTDSLSSVTNATSIQITAPASMLIGDHYLCDVTWATQERISLQWLRRIQNYSVMDICDYDESSGRWNCLVARQHIEMSTTGWVGRFRPSEPHFTLDGNSFYKIISNEEGYRHICYFQIDKKDCTFITKGTWEVIGIEALTSDYLYYISNEYKGMPGGRNLYKIQLSDYTKVTCLSCELNPERCQYYSVSFSKEAKYYQLRCSGPGLPLYTLHSSVNDKGLRVLEDNSALDKMLQNVQMPSKKLDFIILNETKFWYQMILPPHFDKSKKYPLLLDVYAGPCSQKADTVFRLNWATYLASTENIIVASFDGRGSGYQGDKIMHAINRRLGTFEVEDQIEAARQFSKMGFVDNKRIAIWGWSYGGYVTSMVLGSGSGVFKCGIAVAPVSRWEYYDSVYTERYMGLPTPEDNLDHYRNSTVMSRAENFKQVEYLLIHGTADDNVHFQQSAQISKALVDVGVDFQAMWYTDEDHGIASSTAHQHIYTHMSHFIKQCFSLP,N#C[C@@H]1CCCN1C(=O)CNC12CC3CC(CC(O)(C3)C1)C2,2.60206,10.1093/nar/gkw1074,Enzymes
Dipeptidyl peptidase 4,P27487|Q53TN1,MKTPWKVLLGLLGAAALVTIITVPVVLLNKGTDDATADSRKTYTLTDYLKNTYRLKLYSLRWISDHEYLYKQENNILVFNAEYGNSSVFLENSTFDEFGHSINDYSISPDGQFILLEYNYVKQWRHSYTASYDIYDLNKRQLITEERIPNNTQWVTWSPVGHKLAYVWNNDIYVKIEPNLPSYRITWTGKEDIIYNGITDWVYEEEVFSAYSALWWSPNGTFLAYAQFNDTEVPLIEYSFYSDESLQYPKTVRVPYPKAGAVNPTVKFFVVNTDSLSSVTNATSIQITAPASMLIGDHYLCDVTWATQERISLQWLRRIQNYSVMDICDYDESSGRWNCLVARQHIEMSTTGWVGRFRPSEPHFTLDGNSFYKIISNEEGYRHICYFQIDKKDCTFITKGTWEVIGIEALTSDYLYYISNEYKGMPGGRNLYKIQLSDYTKVTCLSCELNPERCQYYSVSFSKEAKYYQLRCSGPGLPLYTLHSSVNDKGLRVLEDNSALDKMLQNVQMPSKKLDFIILNETKFWYQMILPPHFDKSKKYPLLLDVYAGPCSQKADTVFRLNWATYLASTENIIVASFDGRGSGYQGDKIMHAINRRLGTFEVEDQIEAARQFSKMGFVDNKRIAIWGWSYGGYVTSMVLGSGSGVFKCGIAVAPVSRWEYYDSVYTERYMGLPTPEDNLDHYRNSTVMSRAENFKQVEYLLIHGTADDNVHFQQSAQISKALVDVGVDFQAMWYTDEDHGIASSTAHQHIYTHMSHFIKQCFSLP,N#C[C@@H]1C[C@@H]2C[C@@H]2N1C(=O)[C@@H](N)C12CC3CC(CC(O)(C3)C1)C2,4.790485,10.1093/nar/gkw1074,Enzymes
Dipeptidyl peptidase 4,P27487|Q53TN1,MKTPWKVLLGLLGAAALVTIITVPVVLLNKGTDDATADSRKTYTLTDYLKNTYRLKLYSLRWISDHEYLYKQENNILVFNAEYGNSSVFLENSTFDEFGHSINDYSISPDGQFILLEYNYVKQWRHSYTASYDIYDLNKRQLITEERIPNNTQWVTWSPVGHKLAYVWNNDIYVKIEPNLPSYRITWTGKEDIIYNGITDWVYEEEVFSAYSALWWSPNGTFLAYAQFNDTEVPLIEYSFYSDESLQYPKTVRVPYPKAGAVNPTVKFFVVNTDSLSSVTNATSIQITAPASMLIGDHYLCDVTWATQERISLQWLRRIQNYSVMDICDYDESSGRWNCLVARQHIEMSTTGWVGRFRPSEPHFTLDGNSFYKIISNEEGYRHICYFQIDKKDCTFITKGTWEVIGIEALTSDYLYYISNEYKGMPGGRNLYKIQLSDYTKVTCLSCELNPERCQYYSVSFSKEAKYYQLRCSGPGLPLYTLHSSVNDKGLRVLEDNSALDKMLQNVQMPSKKLDFIILNETKFWYQMILPPHFDKSKKYPLLLDVYAGPCSQKADTVFRLNWATYLASTENIIVASFDGRGSGYQGDKIMHAINRRLGTFEVEDQIEAARQFSKMGFVDNKRIAIWGWSYGGYVTSMVLGSGSGVFKCGIAVAPVSRWEYYDSVYTERYMGLPTPEDNLDHYRNSTVMSRAENFKQVEYLLIHGTADDNVHFQQSAQISKALVDVGVDFQAMWYTDEDHGIASSTAHQHIYTHMSHFIKQCFSLP,N#C[C@@H]1CCCN1C(=O)CNC12CC3CC(CC(O)(C3)C1)C2,4.067188,10.1093/nar/gkw1074,Enzymes
Dipeptidyl peptidase 4,P27487|Q53TN1,MKTPWKVLLGLLGAAALVTIITVPVVLLNKGTDDATADSRKTYTLTDYLKNTYRLKLYSLRWISDHEYLYKQENNILVFNAEYGNSSVFLENSTFDEFGHSINDYSISPDGQFILLEYNYVKQWRHSYTASYDIYDLNKRQLITEERIPNNTQWVTWSPVGHKLAYVWNNDIYVKIEPNLPSYRITWTGKEDIIYNGITDWVYEEEVFSAYSALWWSPNGTFLAYAQFNDTEVPLIEYSFYSDESLQYPKTVRVPYPKAGAVNPTVKFFVVNTDSLSSVTNATSIQITAPASMLIGDHYLCDVTWATQERISLQWLRRIQNYSVMDICDYDESSGRWNCLVARQHIEMSTTGWVGRFRPSEPHFTLDGNSFYKIISNEEGYRHICYFQIDKKDCTFITKGTWEVIGIEALTSDYLYYISNEYKGMPGGRNLYKIQLSDYTKVTCLSCELNPERCQYYSVSFSKEAKYYQLRCSGPGLPLYTLHSSVNDKGLRVLEDNSALDKMLQNVQMPSKKLDFIILNETKFWYQMILPPHFDKSKKYPLLLDVYAGPCSQKADTVFRLNWATYLASTENIIVASFDGRGSGYQGDKIMHAINRRLGTFEVEDQIEAARQFSKMGFVDNKRIAIWGWSYGGYVTSMVLGSGSGVFKCGIAVAPVSRWEYYDSVYTERYMGLPTPEDNLDHYRNSTVMSRAENFKQVEYLLIHGTADDNVHFQQSAQISKALVDVGVDFQAMWYTDEDHGIASSTAHQHIYTHMSHFIKQCFSLP,N#C[C@@H]1CCCN1C(=O)CNC12CC3CC(CC(O)(C3)C1)C2,3.007299,10.1093/nar/gkw1074,Enzymes
Dipeptidyl peptidase 4,P27487|Q53TN1,MKTPWKVLLGLLGAAALVTIITVPVVLLNKGTDDATADSRKTYTLTDYLKNTYRLKLYSLRWISDHEYLYKQENNILVFNAEYGNSSVFLENSTFDEFGHSINDYSISPDGQFILLEYNYVKQWRHSYTASYDIYDLNKRQLITEERIPNNTQWVTWSPVGHKLAYVWNNDIYVKIEPNLPSYRITWTGKEDIIYNGITDWVYEEEVFSAYSALWWSPNGTFLAYAQFNDTEVPLIEYSFYSDESLQYPKTVRVPYPKAGAVNPTVKFFVVNTDSLSSVTNATSIQITAPASMLIGDHYLCDVTWATQERISLQWLRRIQNYSVMDICDYDESSGRWNCLVARQHIEMSTTGWVGRFRPSEPHFTLDGNSFYKIISNEEGYRHICYFQIDKKDCTFITKGTWEVIGIEALTSDYLYYISNEYKGMPGGRNLYKIQLSDYTKVTCLSCELNPERCQYYSVSFSKEAKYYQLRCSGPGLPLYTLHSSVNDKGLRVLEDNSALDKMLQNVQMPSKKLDFIILNETKFWYQMILPPHFDKSKKYPLLLDVYAGPCSQKADTVFRLNWATYLASTENIIVASFDGRGSGYQGDKIMHAINRRLGTFEVEDQIEAARQFSKMGFVDNKRIAIWGWSYGGYVTSMVLGSGSGVFKCGIAVAPVSRWEYYDSVYTERYMGLPTPEDNLDHYRNSTVMSRAENFKQVEYLLIHGTADDNVHFQQSAQISKALVDVGVDFQAMWYTDEDHGIASSTAHQHIYTHMSHFIKQCFSLP,N#C[C@@H]1C[C@@H]2C[C@@H]2N1C(=O)[C@@H](N)C12CC3CC(CC(O)(C3)C1)C2,4.259637,10.1093/nar/gkw1074,Enzymes
Dipeptidyl peptidase 4,P27487|Q53TN1,MKTPWKVLLGLLGAAALVTIITVPVVLLNKGTDDATADSRKTYTLTDYLKNTYRLKLYSLRWISDHEYLYKQENNILVFNAEYGNSSVFLENSTFDEFGHSINDYSISPDGQFILLEYNYVKQWRHSYTASYDIYDLNKRQLITEERIPNNTQWVTWSPVGHKLAYVWNNDIYVKIEPNLPSYRITWTGKEDIIYNGITDWVYEEEVFSAYSALWWSPNGTFLAYAQFNDTEVPLIEYSFYSDESLQYPKTVRVPYPKAGAVNPTVKFFVVNTDSLSSVTNATSIQITAPASMLIGDHYLCDVTWATQERISLQWLRRIQNYSVMDICDYDESSGRWNCLVARQHIEMSTTGWVGRFRPSEPHFTLDGNSFYKIISNEEGYRHICYFQIDKKDCTFITKGTWEVIGIEALTSDYLYYISNEYKGMPGGRNLYKIQLSDYTKVTCLSCELNPERCQYYSVSFSKEAKYYQLRCSGPGLPLYTLHSSVNDKGLRVLEDNSALDKMLQNVQMPSKKLDFIILNETKFWYQMILPPHFDKSKKYPLLLDVYAGPCSQKADTVFRLNWATYLASTENIIVASFDGRGSGYQGDKIMHAINRRLGTFEVEDQIEAARQFSKMGFVDNKRIAIWGWSYGGYVTSMVLGSGSGVFKCGIAVAPVSRWEYYDSVYTERYMGLPTPEDNLDHYRNSTVMSRAENFKQVEYLLIHGTADDNVHFQQSAQISKALVDVGVDFQAMWYTDEDHGIASSTAHQHIYTHMSHFIKQCFSLP,N#C[C@@H]1C[C@@H]2C[C@@H]2N1C(=O)[C@@H](N)C12CC3CC(CC(O)(C3)C1)C2,3.146707,10.1093/nar/gkw1074,Enzymes
Dipeptidyl peptidase 4,P27487|Q53TN1,MKTPWKVLLGLLGAAALVTIITVPVVLLNKGTDDATADSRKTYTLTDYLKNTYRLKLYSLRWISDHEYLYKQENNILVFNAEYGNSSVFLENSTFDEFGHSINDYSISPDGQFILLEYNYVKQWRHSYTASYDIYDLNKRQLITEERIPNNTQWVTWSPVGHKLAYVWNNDIYVKIEPNLPSYRITWTGKEDIIYNGITDWVYEEEVFSAYSALWWSPNGTFLAYAQFNDTEVPLIEYSFYSDESLQYPKTVRVPYPKAGAVNPTVKFFVVNTDSLSSVTNATSIQITAPASMLIGDHYLCDVTWATQERISLQWLRRIQNYSVMDICDYDESSGRWNCLVARQHIEMSTTGWVGRFRPSEPHFTLDGNSFYKIISNEEGYRHICYFQIDKKDCTFITKGTWEVIGIEALTSDYLYYISNEYKGMPGGRNLYKIQLSDYTKVTCLSCELNPERCQYYSVSFSKEAKYYQLRCSGPGLPLYTLHSSVNDKGLRVLEDNSALDKMLQNVQMPSKKLDFIILNETKFWYQMILPPHFDKSKKYPLLLDVYAGPCSQKADTVFRLNWATYLASTENIIVASFDGRGSGYQGDKIMHAINRRLGTFEVEDQIEAARQFSKMGFVDNKRIAIWGWSYGGYVTSMVLGSGSGVFKCGIAVAPVSRWEYYDSVYTERYMGLPTPEDNLDHYRNSTVMSRAENFKQVEYLLIHGTADDNVHFQQSAQISKALVDVGVDFQAMWYTDEDHGIASSTAHQHIYTHMSHFIKQCFSLP,N#C[C@@H]1CCCN1C(=O)CNC12CC3CC(CC(O)(C3)C1)C2,3.138665,10.1093/nar/gkw1074,Enzymes
Dipeptidyl peptidase 4,P27487|Q53TN1,MKTPWKVLLGLLGAAALVTIITVPVVLLNKGTDDATADSRKTYTLTDYLKNTYRLKLYSLRWISDHEYLYKQENNILVFNAEYGNSSVFLENSTFDEFGHSINDYSISPDGQFILLEYNYVKQWRHSYTASYDIYDLNKRQLITEERIPNNTQWVTWSPVGHKLAYVWNNDIYVKIEPNLPSYRITWTGKEDIIYNGITDWVYEEEVFSAYSALWWSPNGTFLAYAQFNDTEVPLIEYSFYSDESLQYPKTVRVPYPKAGAVNPTVKFFVVNTDSLSSVTNATSIQITAPASMLIGDHYLCDVTWATQERISLQWLRRIQNYSVMDICDYDESSGRWNCLVARQHIEMSTTGWVGRFRPSEPHFTLDGNSFYKIISNEEGYRHICYFQIDKKDCTFITKGTWEVIGIEALTSDYLYYISNEYKGMPGGRNLYKIQLSDYTKVTCLSCELNPERCQYYSVSFSKEAKYYQLRCSGPGLPLYTLHSSVNDKGLRVLEDNSALDKMLQNVQMPSKKLDFIILNETKFWYQMILPPHFDKSKKYPLLLDVYAGPCSQKADTVFRLNWATYLASTENIIVASFDGRGSGYQGDKIMHAINRRLGTFEVEDQIEAARQFSKMGFVDNKRIAIWGWSYGGYVTSMVLGSGSGVFKCGIAVAPVSRWEYYDSVYTERYMGLPTPEDNLDHYRNSTVMSRAENFKQVEYLLIHGTADDNVHFQQSAQISKALVDVGVDFQAMWYTDEDHGIASSTAHQHIYTHMSHFIKQCFSLP,N#C[C@@H]1C[C@@H]2C[C@@H]2N1C(=O)[C@@H](N)C12CC3CC(CC(O)(C3)C1)C2,3.522879,10.1093/nar/gkw1074,Enzymes
Dipeptidyl peptidase 4,P27487|Q53TN1,MKTPWKVLLGLLGAAALVTIITVPVVLLNKGTDDATADSRKTYTLTDYLKNTYRLKLYSLRWISDHEYLYKQENNILVFNAEYGNSSVFLENSTFDEFGHSINDYSISPDGQFILLEYNYVKQWRHSYTASYDIYDLNKRQLITEERIPNNTQWVTWSPVGHKLAYVWNNDIYVKIEPNLPSYRITWTGKEDIIYNGITDWVYEEEVFSAYSALWWSPNGTFLAYAQFNDTEVPLIEYSFYSDESLQYPKTVRVPYPKAGAVNPTVKFFVVNTDSLSSVTNATSIQITAPASMLIGDHYLCDVTWATQERISLQWLRRIQNYSVMDICDYDESSGRWNCLVARQHIEMSTTGWVGRFRPSEPHFTLDGNSFYKIISNEEGYRHICYFQIDKKDCTFITKGTWEVIGIEALTSDYLYYISNEYKGMPGGRNLYKIQLSDYTKVTCLSCELNPERCQYYSVSFSKEAKYYQLRCSGPGLPLYTLHSSVNDKGLRVLEDNSALDKMLQNVQMPSKKLDFIILNETKFWYQMILPPHFDKSKKYPLLLDVYAGPCSQKADTVFRLNWATYLASTENIIVASFDGRGSGYQGDKIMHAINRRLGTFEVEDQIEAARQFSKMGFVDNKRIAIWGWSYGGYVTSMVLGSGSGVFKCGIAVAPVSRWEYYDSVYTERYMGLPTPEDNLDHYRNSTVMSRAENFKQVEYLLIHGTADDNVHFQQSAQISKALVDVGVDFQAMWYTDEDHGIASSTAHQHIYTHMSHFIKQCFSLP,N#C[C@@H]1CCCN1C(=O)CNC12CC3CC(CC(O)(C3)C1)C2,3.613798,10.1093/nar/gkw1074,Enzymes
Dipeptidyl peptidase 4,P27487|Q53TN1,MKTPWKVLLGLLGAAALVTIITVPVVLLNKGTDDATADSRKTYTLTDYLKNTYRLKLYSLRWISDHEYLYKQENNILVFNAEYGNSSVFLENSTFDEFGHSINDYSISPDGQFILLEYNYVKQWRHSYTASYDIYDLNKRQLITEERIPNNTQWVTWSPVGHKLAYVWNNDIYVKIEPNLPSYRITWTGKEDIIYNGITDWVYEEEVFSAYSALWWSPNGTFLAYAQFNDTEVPLIEYSFYSDESLQYPKTVRVPYPKAGAVNPTVKFFVVNTDSLSSVTNATSIQITAPASMLIGDHYLCDVTWATQERISLQWLRRIQNYSVMDICDYDESSGRWNCLVARQHIEMSTTGWVGRFRPSEPHFTLDGNSFYKIISNEEGYRHICYFQIDKKDCTFITKGTWEVIGIEALTSDYLYYISNEYKGMPGGRNLYKIQLSDYTKVTCLSCELNPERCQYYSVSFSKEAKYYQLRCSGPGLPLYTLHSSVNDKGLRVLEDNSALDKMLQNVQMPSKKLDFIILNETKFWYQMILPPHFDKSKKYPLLLDVYAGPCSQKADTVFRLNWATYLASTENIIVASFDGRGSGYQGDKIMHAINRRLGTFEVEDQIEAARQFSKMGFVDNKRIAIWGWSYGGYVTSMVLGSGSGVFKCGIAVAPVSRWEYYDSVYTERYMGLPTPEDNLDHYRNSTVMSRAENFKQVEYLLIHGTADDNVHFQQSAQISKALVDVGVDFQAMWYTDEDHGIASSTAHQHIYTHMSHFIKQCFSLP,N[C@@H](CC(=O)N1CCn2c(nnc2C(F)(F)F)C1)Cc1cc(F)c(F)cc1F,1.200659,10.1093/nar/gkw1074,Enzymes
Dipeptidyl peptidase 4,P27487|Q53TN1,MKTPWKVLLGLLGAAALVTIITVPVVLLNKGTDDATADSRKTYTLTDYLKNTYRLKLYSLRWISDHEYLYKQENNILVFNAEYGNSSVFLENSTFDEFGHSINDYSISPDGQFILLEYNYVKQWRHSYTASYDIYDLNKRQLITEERIPNNTQWVTWSPVGHKLAYVWNNDIYVKIEPNLPSYRITWTGKEDIIYNGITDWVYEEEVFSAYSALWWSPNGTFLAYAQFNDTEVPLIEYSFYSDESLQYPKTVRVPYPKAGAVNPTVKFFVVNTDSLSSVTNATSIQITAPASMLIGDHYLCDVTWATQERISLQWLRRIQNYSVMDICDYDESSGRWNCLVARQHIEMSTTGWVGRFRPSEPHFTLDGNSFYKIISNEEGYRHICYFQIDKKDCTFITKGTWEVIGIEALTSDYLYYISNEYKGMPGGRNLYKIQLSDYTKVTCLSCELNPERCQYYSVSFSKEAKYYQLRCSGPGLPLYTLHSSVNDKGLRVLEDNSALDKMLQNVQMPSKKLDFIILNETKFWYQMILPPHFDKSKKYPLLLDVYAGPCSQKADTVFRLNWATYLASTENIIVASFDGRGSGYQGDKIMHAINRRLGTFEVEDQIEAARQFSKMGFVDNKRIAIWGWSYGGYVTSMVLGSGSGVFKCGIAVAPVSRWEYYDSVYTERYMGLPTPEDNLDHYRNSTVMSRAENFKQVEYLLIHGTADDNVHFQQSAQISKALVDVGVDFQAMWYTDEDHGIASSTAHQHIYTHMSHFIKQCFSLP,Cc1cc(N2CCN([C@@H]3CN[C@H](C(=O)N4CCSC4)C3)CC2)n(-c2ccccc2)n1,3.585027,10.1093/nar/gkw1074,Enzymes
Dipeptidyl peptidase 4,P27487|Q53TN1,MKTPWKVLLGLLGAAALVTIITVPVVLLNKGTDDATADSRKTYTLTDYLKNTYRLKLYSLRWISDHEYLYKQENNILVFNAEYGNSSVFLENSTFDEFGHSINDYSISPDGQFILLEYNYVKQWRHSYTASYDIYDLNKRQLITEERIPNNTQWVTWSPVGHKLAYVWNNDIYVKIEPNLPSYRITWTGKEDIIYNGITDWVYEEEVFSAYSALWWSPNGTFLAYAQFNDTEVPLIEYSFYSDESLQYPKTVRVPYPKAGAVNPTVKFFVVNTDSLSSVTNATSIQITAPASMLIGDHYLCDVTWATQERISLQWLRRIQNYSVMDICDYDESSGRWNCLVARQHIEMSTTGWVGRFRPSEPHFTLDGNSFYKIISNEEGYRHICYFQIDKKDCTFITKGTWEVIGIEALTSDYLYYISNEYKGMPGGRNLYKIQLSDYTKVTCLSCELNPERCQYYSVSFSKEAKYYQLRCSGPGLPLYTLHSSVNDKGLRVLEDNSALDKMLQNVQMPSKKLDFIILNETKFWYQMILPPHFDKSKKYPLLLDVYAGPCSQKADTVFRLNWATYLASTENIIVASFDGRGSGYQGDKIMHAINRRLGTFEVEDQIEAARQFSKMGFVDNKRIAIWGWSYGGYVTSMVLGSGSGVFKCGIAVAPVSRWEYYDSVYTERYMGLPTPEDNLDHYRNSTVMSRAENFKQVEYLLIHGTADDNVHFQQSAQISKALVDVGVDFQAMWYTDEDHGIASSTAHQHIYTHMSHFIKQCFSLP,N#C[C@@H]1CCCN1C(=O)CNC12CC3CC(CC(O)(C3)C1)C2,3.769551,10.1093/nar/gkw1074,Enzymes
Dipeptidyl peptidase 4,P27487|Q53TN1,MKTPWKVLLGLLGAAALVTIITVPVVLLNKGTDDATADSRKTYTLTDYLKNTYRLKLYSLRWISDHEYLYKQENNILVFNAEYGNSSVFLENSTFDEFGHSINDYSISPDGQFILLEYNYVKQWRHSYTASYDIYDLNKRQLITEERIPNNTQWVTWSPVGHKLAYVWNNDIYVKIEPNLPSYRITWTGKEDIIYNGITDWVYEEEVFSAYSALWWSPNGTFLAYAQFNDTEVPLIEYSFYSDESLQYPKTVRVPYPKAGAVNPTVKFFVVNTDSLSSVTNATSIQITAPASMLIGDHYLCDVTWATQERISLQWLRRIQNYSVMDICDYDESSGRWNCLVARQHIEMSTTGWVGRFRPSEPHFTLDGNSFYKIISNEEGYRHICYFQIDKKDCTFITKGTWEVIGIEALTSDYLYYISNEYKGMPGGRNLYKIQLSDYTKVTCLSCELNPERCQYYSVSFSKEAKYYQLRCSGPGLPLYTLHSSVNDKGLRVLEDNSALDKMLQNVQMPSKKLDFIILNETKFWYQMILPPHFDKSKKYPLLLDVYAGPCSQKADTVFRLNWATYLASTENIIVASFDGRGSGYQGDKIMHAINRRLGTFEVEDQIEAARQFSKMGFVDNKRIAIWGWSYGGYVTSMVLGSGSGVFKCGIAVAPVSRWEYYDSVYTERYMGLPTPEDNLDHYRNSTVMSRAENFKQVEYLLIHGTADDNVHFQQSAQISKALVDVGVDFQAMWYTDEDHGIASSTAHQHIYTHMSHFIKQCFSLP,N#C[C@@H]1C[C@@H]2C[C@@H]2N1C(=O)[C@@H](N)C12CC3CC(CC(O)(C3)C1)C2,3.69897,10.1093/nar/gkw1074,Enzymes
Dipeptidyl peptidase 4,P27487|Q53TN1,MKTPWKVLLGLLGAAALVTIITVPVVLLNKGTDDATADSRKTYTLTDYLKNTYRLKLYSLRWISDHEYLYKQENNILVFNAEYGNSSVFLENSTFDEFGHSINDYSISPDGQFILLEYNYVKQWRHSYTASYDIYDLNKRQLITEERIPNNTQWVTWSPVGHKLAYVWNNDIYVKIEPNLPSYRITWTGKEDIIYNGITDWVYEEEVFSAYSALWWSPNGTFLAYAQFNDTEVPLIEYSFYSDESLQYPKTVRVPYPKAGAVNPTVKFFVVNTDSLSSVTNATSIQITAPASMLIGDHYLCDVTWATQERISLQWLRRIQNYSVMDICDYDESSGRWNCLVARQHIEMSTTGWVGRFRPSEPHFTLDGNSFYKIISNEEGYRHICYFQIDKKDCTFITKGTWEVIGIEALTSDYLYYISNEYKGMPGGRNLYKIQLSDYTKVTCLSCELNPERCQYYSVSFSKEAKYYQLRCSGPGLPLYTLHSSVNDKGLRVLEDNSALDKMLQNVQMPSKKLDFIILNETKFWYQMILPPHFDKSKKYPLLLDVYAGPCSQKADTVFRLNWATYLASTENIIVASFDGRGSGYQGDKIMHAINRRLGTFEVEDQIEAARQFSKMGFVDNKRIAIWGWSYGGYVTSMVLGSGSGVFKCGIAVAPVSRWEYYDSVYTERYMGLPTPEDNLDHYRNSTVMSRAENFKQVEYLLIHGTADDNVHFQQSAQISKALVDVGVDFQAMWYTDEDHGIASSTAHQHIYTHMSHFIKQCFSLP,Cn1c(=O)cc(N2CCC[C@@H](N)C2)n(Cc2ccccc2C#N)c1=O,2.508638,10.1093/nar/gkw1074,Enzymes
Dipeptidyl peptidase 4,P27487|Q53TN1,MKTPWKVLLGLLGAAALVTIITVPVVLLNKGTDDATADSRKTYTLTDYLKNTYRLKLYSLRWISDHEYLYKQENNILVFNAEYGNSSVFLENSTFDEFGHSINDYSISPDGQFILLEYNYVKQWRHSYTASYDIYDLNKRQLITEERIPNNTQWVTWSPVGHKLAYVWNNDIYVKIEPNLPSYRITWTGKEDIIYNGITDWVYEEEVFSAYSALWWSPNGTFLAYAQFNDTEVPLIEYSFYSDESLQYPKTVRVPYPKAGAVNPTVKFFVVNTDSLSSVTNATSIQITAPASMLIGDHYLCDVTWATQERISLQWLRRIQNYSVMDICDYDESSGRWNCLVARQHIEMSTTGWVGRFRPSEPHFTLDGNSFYKIISNEEGYRHICYFQIDKKDCTFITKGTWEVIGIEALTSDYLYYISNEYKGMPGGRNLYKIQLSDYTKVTCLSCELNPERCQYYSVSFSKEAKYYQLRCSGPGLPLYTLHSSVNDKGLRVLEDNSALDKMLQNVQMPSKKLDFIILNETKFWYQMILPPHFDKSKKYPLLLDVYAGPCSQKADTVFRLNWATYLASTENIIVASFDGRGSGYQGDKIMHAINRRLGTFEVEDQIEAARQFSKMGFVDNKRIAIWGWSYGGYVTSMVLGSGSGVFKCGIAVAPVSRWEYYDSVYTERYMGLPTPEDNLDHYRNSTVMSRAENFKQVEYLLIHGTADDNVHFQQSAQISKALVDVGVDFQAMWYTDEDHGIASSTAHQHIYTHMSHFIKQCFSLP,CC#CCn1c(N2CCC[C@@H](N)C2)nc2c1c(=O)n(Cc1nc(C)c3ccccc3n1)c(=O)n2C,4.29243,10.1093/nar/gkw1074,Enzymes
Dipeptidyl peptidase 4,P27487|Q53TN1,MKTPWKVLLGLLGAAALVTIITVPVVLLNKGTDDATADSRKTYTLTDYLKNTYRLKLYSLRWISDHEYLYKQENNILVFNAEYGNSSVFLENSTFDEFGHSINDYSISPDGQFILLEYNYVKQWRHSYTASYDIYDLNKRQLITEERIPNNTQWVTWSPVGHKLAYVWNNDIYVKIEPNLPSYRITWTGKEDIIYNGITDWVYEEEVFSAYSALWWSPNGTFLAYAQFNDTEVPLIEYSFYSDESLQYPKTVRVPYPKAGAVNPTVKFFVVNTDSLSSVTNATSIQITAPASMLIGDHYLCDVTWATQERISLQWLRRIQNYSVMDICDYDESSGRWNCLVARQHIEMSTTGWVGRFRPSEPHFTLDGNSFYKIISNEEGYRHICYFQIDKKDCTFITKGTWEVIGIEALTSDYLYYISNEYKGMPGGRNLYKIQLSDYTKVTCLSCELNPERCQYYSVSFSKEAKYYQLRCSGPGLPLYTLHSSVNDKGLRVLEDNSALDKMLQNVQMPSKKLDFIILNETKFWYQMILPPHFDKSKKYPLLLDVYAGPCSQKADTVFRLNWATYLASTENIIVASFDGRGSGYQGDKIMHAINRRLGTFEVEDQIEAARQFSKMGFVDNKRIAIWGWSYGGYVTSMVLGSGSGVFKCGIAVAPVSRWEYYDSVYTERYMGLPTPEDNLDHYRNSTVMSRAENFKQVEYLLIHGTADDNVHFQQSAQISKALVDVGVDFQAMWYTDEDHGIASSTAHQHIYTHMSHFIKQCFSLP,Cn1c(=O)c2c(nc(N3CCCC(N)C3)n2Cc2ccccc2)n(C)c1=O,1.19382,10.1093/nar/gkw1074,Enzymes
Dipeptidyl peptidase 4,P27487|Q53TN1,MKTPWKVLLGLLGAAALVTIITVPVVLLNKGTDDATADSRKTYTLTDYLKNTYRLKLYSLRWISDHEYLYKQENNILVFNAEYGNSSVFLENSTFDEFGHSINDYSISPDGQFILLEYNYVKQWRHSYTASYDIYDLNKRQLITEERIPNNTQWVTWSPVGHKLAYVWNNDIYVKIEPNLPSYRITWTGKEDIIYNGITDWVYEEEVFSAYSALWWSPNGTFLAYAQFNDTEVPLIEYSFYSDESLQYPKTVRVPYPKAGAVNPTVKFFVVNTDSLSSVTNATSIQITAPASMLIGDHYLCDVTWATQERISLQWLRRIQNYSVMDICDYDESSGRWNCLVARQHIEMSTTGWVGRFRPSEPHFTLDGNSFYKIISNEEGYRHICYFQIDKKDCTFITKGTWEVIGIEALTSDYLYYISNEYKGMPGGRNLYKIQLSDYTKVTCLSCELNPERCQYYSVSFSKEAKYYQLRCSGPGLPLYTLHSSVNDKGLRVLEDNSALDKMLQNVQMPSKKLDFIILNETKFWYQMILPPHFDKSKKYPLLLDVYAGPCSQKADTVFRLNWATYLASTENIIVASFDGRGSGYQGDKIMHAINRRLGTFEVEDQIEAARQFSKMGFVDNKRIAIWGWSYGGYVTSMVLGSGSGVFKCGIAVAPVSRWEYYDSVYTERYMGLPTPEDNLDHYRNSTVMSRAENFKQVEYLLIHGTADDNVHFQQSAQISKALVDVGVDFQAMWYTDEDHGIASSTAHQHIYTHMSHFIKQCFSLP,CC(C)=CCn1c(N2CCC[C@H](N)C2)nc2c1c(=O)n(CC(=O)c1ccccc1)c(=O)n2C,2.730487,10.1093/nar/gkw1074,Enzymes
Dipeptidyl peptidase 4,P27487|Q53TN1,MKTPWKVLLGLLGAAALVTIITVPVVLLNKGTDDATADSRKTYTLTDYLKNTYRLKLYSLRWISDHEYLYKQENNILVFNAEYGNSSVFLENSTFDEFGHSINDYSISPDGQFILLEYNYVKQWRHSYTASYDIYDLNKRQLITEERIPNNTQWVTWSPVGHKLAYVWNNDIYVKIEPNLPSYRITWTGKEDIIYNGITDWVYEEEVFSAYSALWWSPNGTFLAYAQFNDTEVPLIEYSFYSDESLQYPKTVRVPYPKAGAVNPTVKFFVVNTDSLSSVTNATSIQITAPASMLIGDHYLCDVTWATQERISLQWLRRIQNYSVMDICDYDESSGRWNCLVARQHIEMSTTGWVGRFRPSEPHFTLDGNSFYKIISNEEGYRHICYFQIDKKDCTFITKGTWEVIGIEALTSDYLYYISNEYKGMPGGRNLYKIQLSDYTKVTCLSCELNPERCQYYSVSFSKEAKYYQLRCSGPGLPLYTLHSSVNDKGLRVLEDNSALDKMLQNVQMPSKKLDFIILNETKFWYQMILPPHFDKSKKYPLLLDVYAGPCSQKADTVFRLNWATYLASTENIIVASFDGRGSGYQGDKIMHAINRRLGTFEVEDQIEAARQFSKMGFVDNKRIAIWGWSYGGYVTSMVLGSGSGVFKCGIAVAPVSRWEYYDSVYTERYMGLPTPEDNLDHYRNSTVMSRAENFKQVEYLLIHGTADDNVHFQQSAQISKALVDVGVDFQAMWYTDEDHGIASSTAHQHIYTHMSHFIKQCFSLP,N#C[C@@H]1CCCN1C(=O)CNC12CC3CC(CC(O)(C3)C1)C2,3.677781,10.1093/nar/gkw1074,Enzymes
Dipeptidyl peptidase 4,P27487|Q53TN1,MKTPWKVLLGLLGAAALVTIITVPVVLLNKGTDDATADSRKTYTLTDYLKNTYRLKLYSLRWISDHEYLYKQENNILVFNAEYGNSSVFLENSTFDEFGHSINDYSISPDGQFILLEYNYVKQWRHSYTASYDIYDLNKRQLITEERIPNNTQWVTWSPVGHKLAYVWNNDIYVKIEPNLPSYRITWTGKEDIIYNGITDWVYEEEVFSAYSALWWSPNGTFLAYAQFNDTEVPLIEYSFYSDESLQYPKTVRVPYPKAGAVNPTVKFFVVNTDSLSSVTNATSIQITAPASMLIGDHYLCDVTWATQERISLQWLRRIQNYSVMDICDYDESSGRWNCLVARQHIEMSTTGWVGRFRPSEPHFTLDGNSFYKIISNEEGYRHICYFQIDKKDCTFITKGTWEVIGIEALTSDYLYYISNEYKGMPGGRNLYKIQLSDYTKVTCLSCELNPERCQYYSVSFSKEAKYYQLRCSGPGLPLYTLHSSVNDKGLRVLEDNSALDKMLQNVQMPSKKLDFIILNETKFWYQMILPPHFDKSKKYPLLLDVYAGPCSQKADTVFRLNWATYLASTENIIVASFDGRGSGYQGDKIMHAINRRLGTFEVEDQIEAARQFSKMGFVDNKRIAIWGWSYGGYVTSMVLGSGSGVFKCGIAVAPVSRWEYYDSVYTERYMGLPTPEDNLDHYRNSTVMSRAENFKQVEYLLIHGTADDNVHFQQSAQISKALVDVGVDFQAMWYTDEDHGIASSTAHQHIYTHMSHFIKQCFSLP,CC#CCn1c(N2CCC[C@@H](N)C2)nc2c1c(=O)n(Cc1nc(C)c3ccccc3n1)c(=O)n2C,4.522879,10.1093/nar/gkw1074,Enzymes
Dipeptidyl peptidase 4,P27487|Q53TN1,MKTPWKVLLGLLGAAALVTIITVPVVLLNKGTDDATADSRKTYTLTDYLKNTYRLKLYSLRWISDHEYLYKQENNILVFNAEYGNSSVFLENSTFDEFGHSINDYSISPDGQFILLEYNYVKQWRHSYTASYDIYDLNKRQLITEERIPNNTQWVTWSPVGHKLAYVWNNDIYVKIEPNLPSYRITWTGKEDIIYNGITDWVYEEEVFSAYSALWWSPNGTFLAYAQFNDTEVPLIEYSFYSDESLQYPKTVRVPYPKAGAVNPTVKFFVVNTDSLSSVTNATSIQITAPASMLIGDHYLCDVTWATQERISLQWLRRIQNYSVMDICDYDESSGRWNCLVARQHIEMSTTGWVGRFRPSEPHFTLDGNSFYKIISNEEGYRHICYFQIDKKDCTFITKGTWEVIGIEALTSDYLYYISNEYKGMPGGRNLYKIQLSDYTKVTCLSCELNPERCQYYSVSFSKEAKYYQLRCSGPGLPLYTLHSSVNDKGLRVLEDNSALDKMLQNVQMPSKKLDFIILNETKFWYQMILPPHFDKSKKYPLLLDVYAGPCSQKADTVFRLNWATYLASTENIIVASFDGRGSGYQGDKIMHAINRRLGTFEVEDQIEAARQFSKMGFVDNKRIAIWGWSYGGYVTSMVLGSGSGVFKCGIAVAPVSRWEYYDSVYTERYMGLPTPEDNLDHYRNSTVMSRAENFKQVEYLLIHGTADDNVHFQQSAQISKALVDVGVDFQAMWYTDEDHGIASSTAHQHIYTHMSHFIKQCFSLP,N#C[C@@H]1C[C@@H]2C[C@@H]2N1C(=O)[C@@H](N)C12CC3CC(CC(O)(C3)C1)C2,3.638272,10.1093/nar/gkw1074,Enzymes
Dipeptidyl peptidase 4,P27487|Q53TN1,MKTPWKVLLGLLGAAALVTIITVPVVLLNKGTDDATADSRKTYTLTDYLKNTYRLKLYSLRWISDHEYLYKQENNILVFNAEYGNSSVFLENSTFDEFGHSINDYSISPDGQFILLEYNYVKQWRHSYTASYDIYDLNKRQLITEERIPNNTQWVTWSPVGHKLAYVWNNDIYVKIEPNLPSYRITWTGKEDIIYNGITDWVYEEEVFSAYSALWWSPNGTFLAYAQFNDTEVPLIEYSFYSDESLQYPKTVRVPYPKAGAVNPTVKFFVVNTDSLSSVTNATSIQITAPASMLIGDHYLCDVTWATQERISLQWLRRIQNYSVMDICDYDESSGRWNCLVARQHIEMSTTGWVGRFRPSEPHFTLDGNSFYKIISNEEGYRHICYFQIDKKDCTFITKGTWEVIGIEALTSDYLYYISNEYKGMPGGRNLYKIQLSDYTKVTCLSCELNPERCQYYSVSFSKEAKYYQLRCSGPGLPLYTLHSSVNDKGLRVLEDNSALDKMLQNVQMPSKKLDFIILNETKFWYQMILPPHFDKSKKYPLLLDVYAGPCSQKADTVFRLNWATYLASTENIIVASFDGRGSGYQGDKIMHAINRRLGTFEVEDQIEAARQFSKMGFVDNKRIAIWGWSYGGYVTSMVLGSGSGVFKCGIAVAPVSRWEYYDSVYTERYMGLPTPEDNLDHYRNSTVMSRAENFKQVEYLLIHGTADDNVHFQQSAQISKALVDVGVDFQAMWYTDEDHGIASSTAHQHIYTHMSHFIKQCFSLP,CS(=O)(=O)n1cc2c(n1)CN([C@H]1CO[C@H](c3cc(F)ccc3F)[C@@H](N)C1)C2,3.149354,10.1093/nar/gkw1074,Enzymes
Dipeptidyl peptidase 4,P27487|Q53TN1,MKTPWKVLLGLLGAAALVTIITVPVVLLNKGTDDATADSRKTYTLTDYLKNTYRLKLYSLRWISDHEYLYKQENNILVFNAEYGNSSVFLENSTFDEFGHSINDYSISPDGQFILLEYNYVKQWRHSYTASYDIYDLNKRQLITEERIPNNTQWVTWSPVGHKLAYVWNNDIYVKIEPNLPSYRITWTGKEDIIYNGITDWVYEEEVFSAYSALWWSPNGTFLAYAQFNDTEVPLIEYSFYSDESLQYPKTVRVPYPKAGAVNPTVKFFVVNTDSLSSVTNATSIQITAPASMLIGDHYLCDVTWATQERISLQWLRRIQNYSVMDICDYDESSGRWNCLVARQHIEMSTTGWVGRFRPSEPHFTLDGNSFYKIISNEEGYRHICYFQIDKKDCTFITKGTWEVIGIEALTSDYLYYISNEYKGMPGGRNLYKIQLSDYTKVTCLSCELNPERCQYYSVSFSKEAKYYQLRCSGPGLPLYTLHSSVNDKGLRVLEDNSALDKMLQNVQMPSKKLDFIILNETKFWYQMILPPHFDKSKKYPLLLDVYAGPCSQKADTVFRLNWATYLASTENIIVASFDGRGSGYQGDKIMHAINRRLGTFEVEDQIEAARQFSKMGFVDNKRIAIWGWSYGGYVTSMVLGSGSGVFKCGIAVAPVSRWEYYDSVYTERYMGLPTPEDNLDHYRNSTVMSRAENFKQVEYLLIHGTADDNVHFQQSAQISKALVDVGVDFQAMWYTDEDHGIASSTAHQHIYTHMSHFIKQCFSLP,N[C@@H](CC(=O)N1CCn2c(nnc2C(F)(F)F)C1)Cc1cc(F)c(F)cc1F,1.826814,10.1093/nar/gkw1074,Enzymes
Dipeptidyl peptidase 4,P27487|Q53TN1,MKTPWKVLLGLLGAAALVTIITVPVVLLNKGTDDATADSRKTYTLTDYLKNTYRLKLYSLRWISDHEYLYKQENNILVFNAEYGNSSVFLENSTFDEFGHSINDYSISPDGQFILLEYNYVKQWRHSYTASYDIYDLNKRQLITEERIPNNTQWVTWSPVGHKLAYVWNNDIYVKIEPNLPSYRITWTGKEDIIYNGITDWVYEEEVFSAYSALWWSPNGTFLAYAQFNDTEVPLIEYSFYSDESLQYPKTVRVPYPKAGAVNPTVKFFVVNTDSLSSVTNATSIQITAPASMLIGDHYLCDVTWATQERISLQWLRRIQNYSVMDICDYDESSGRWNCLVARQHIEMSTTGWVGRFRPSEPHFTLDGNSFYKIISNEEGYRHICYFQIDKKDCTFITKGTWEVIGIEALTSDYLYYISNEYKGMPGGRNLYKIQLSDYTKVTCLSCELNPERCQYYSVSFSKEAKYYQLRCSGPGLPLYTLHSSVNDKGLRVLEDNSALDKMLQNVQMPSKKLDFIILNETKFWYQMILPPHFDKSKKYPLLLDVYAGPCSQKADTVFRLNWATYLASTENIIVASFDGRGSGYQGDKIMHAINRRLGTFEVEDQIEAARQFSKMGFVDNKRIAIWGWSYGGYVTSMVLGSGSGVFKCGIAVAPVSRWEYYDSVYTERYMGLPTPEDNLDHYRNSTVMSRAENFKQVEYLLIHGTADDNVHFQQSAQISKALVDVGVDFQAMWYTDEDHGIASSTAHQHIYTHMSHFIKQCFSLP,COc1cc2c3c(ccc2cc1C#N)O[C@H](c1cc(F)c(F)cc1F)[C@@H](N)C3,2.640165,10.1093/nar/gkw1074,Enzymes
Dipeptidyl peptidase 4,P27487|Q53TN1,MKTPWKVLLGLLGAAALVTIITVPVVLLNKGTDDATADSRKTYTLTDYLKNTYRLKLYSLRWISDHEYLYKQENNILVFNAEYGNSSVFLENSTFDEFGHSINDYSISPDGQFILLEYNYVKQWRHSYTASYDIYDLNKRQLITEERIPNNTQWVTWSPVGHKLAYVWNNDIYVKIEPNLPSYRITWTGKEDIIYNGITDWVYEEEVFSAYSALWWSPNGTFLAYAQFNDTEVPLIEYSFYSDESLQYPKTVRVPYPKAGAVNPTVKFFVVNTDSLSSVTNATSIQITAPASMLIGDHYLCDVTWATQERISLQWLRRIQNYSVMDICDYDESSGRWNCLVARQHIEMSTTGWVGRFRPSEPHFTLDGNSFYKIISNEEGYRHICYFQIDKKDCTFITKGTWEVIGIEALTSDYLYYISNEYKGMPGGRNLYKIQLSDYTKVTCLSCELNPERCQYYSVSFSKEAKYYQLRCSGPGLPLYTLHSSVNDKGLRVLEDNSALDKMLQNVQMPSKKLDFIILNETKFWYQMILPPHFDKSKKYPLLLDVYAGPCSQKADTVFRLNWATYLASTENIIVASFDGRGSGYQGDKIMHAINRRLGTFEVEDQIEAARQFSKMGFVDNKRIAIWGWSYGGYVTSMVLGSGSGVFKCGIAVAPVSRWEYYDSVYTERYMGLPTPEDNLDHYRNSTVMSRAENFKQVEYLLIHGTADDNVHFQQSAQISKALVDVGVDFQAMWYTDEDHGIASSTAHQHIYTHMSHFIKQCFSLP,COc1cc2ccc3c(c2cc1OC)C[C@H](N)[C@@H](c1cc(F)c(F)cc1F)O3,2.464706,10.1093/nar/gkw1074,Enzymes

